CustomerID,CustomerName,CustomerType,Region,Country,City,RegistrationDate,CreditLimit
1,Robinson-Brock,Enterprise,Asia Pacific,Mexico,Williamsbury,02/05/24,228969
2,Bryant Group,Wholesale,North America,USA,Stephaniemouth,12/02/23,44208
3,"Mcclain, Simmons and Meadows",Retail,Latin America,Canada,Merrittfort,19/06/22,9067
4,Larsen LLC,Wholesale,Latin America,Germany,Simsview,04/06/22,22290
5,"Mitchell, Nelson and Flores",Wholesale,Latin America,USA,East Edwardfurt,10/06/23,32146
6,"Lewis, Perry and Rivera",Enterprise,Middle East & Africa,Brazil,Perryborough,30/12/23,289802
7,Stein-Silva,Retail,North America,Brazil,Port Nicoleshire,09/03/22,9172
8,Bender LLC,Wholesale,Europe,Italy,Castanedachester,26/10/22,43314
9,"Payne, Morrison and Walker",Enterprise,Latin America,Mexico,West Ryan,12/10/20,104292
10,Caldwell-Yates,Enterprise,Latin America,India,Port Tanner,05/03/21,251674
11,"Ferguson, Meadows and Vargas",Enterprise,Asia Pacific,France,North Dawnberg,18/02/24,258598
12,Williams Group,Wholesale,Middle East & Africa,Italy,Jasonmouth,06/01/22,19055
13,Ramirez-Bean,Enterprise,Middle East & Africa,China,Kingland,19/07/22,492013
14,"Ryan, Cooke and Bell",Enterprise,Middle East & Africa,Italy,Port Susanton,06/09/23,159949
15,Gonzalez Inc,Wholesale,Europe,Brazil,East David,06/05/23,18694
16,"Gould, Marshall and Scott",Enterprise,Asia Pacific,Brazil,Garyville,11/10/23,448865
17,Oconnell Inc,Wholesale,Latin America,USA,West Barbarafurt,02/04/22,44989
18,"Gonzalez, Vargas and Rivas",Enterprise,Europe,USA,North Heidi,14/11/21,249685
19,"Burke, Martinez and Riggs",Enterprise,Europe,France,West Amandastad,09/12/20,189973
20,"Peterson, Atkinson and Short",Enterprise,North America,Italy,South Susanmouth,30/06/23,490077
21,Thompson-Boyd,Wholesale,Asia Pacific,Australia,Christinaside,06/10/23,45466
22,Graham-Simon,Retail,Europe,Brazil,Marcusbury,27/12/23,4675
23,Ramirez Group,Enterprise,Latin America,Japan,Port Steven,08/02/23,250059
24,Rogers-Snyder,Enterprise,North America,Italy,Hunterborough,31/01/22,78207
25,Peterson-Beard,Wholesale,Europe,Mexico,Angelahaven,16/06/24,39036
26,Allen Group,Enterprise,Middle East & Africa,Germany,Petersbury,05/06/23,336583
27,"Joseph, West and Smith",Enterprise,Europe,Mexico,Jeffreybury,21/11/21,285308
28,"Wood, Tran and Cooper",Retail,Middle East & Africa,Canada,Michaelmouth,30/09/21,4063
29,Hall-Griffith,Wholesale,Middle East & Africa,France,Davidside,20/06/24,38082
30,"Lopez, Robinson and Washington",Retail,Asia Pacific,USA,Tinaborough,06/11/21,3636
31,White-Smith,Wholesale,Europe,China,West Brandon,18/11/20,20145
32,Terry-Martinez,Enterprise,Middle East & Africa,Brazil,Garciatown,17/12/22,307189
33,Mendoza-Peterson,Wholesale,Europe,UK,West Shelleyfort,13/02/21,30831
34,Morales Inc,Enterprise,Latin America,Brazil,East Edwardshire,17/06/24,133556
35,Mcknight Inc,Enterprise,Europe,Germany,Obrienbury,08/10/23,233187
36,Hayes-Ramos,Enterprise,Asia Pacific,Germany,Torreston,07/02/23,239161
37,"Garcia, Farmer and Garrett",Enterprise,North America,Canada,Donnaburgh,16/08/21,344301
38,"Jones, Smith and Hayes",Enterprise,Middle East & Africa,India,Carterbury,25/10/21,176011
39,Warner-Gibson,Retail,North America,Japan,West Kristin,02/03/23,1653
40,"Lara, Gonzalez and Wilson",Wholesale,Middle East & Africa,China,Lake Edward,23/09/21,28535
41,Jones and Sons,Enterprise,North America,France,Brookeshire,07/05/24,305225
42,Martinez-Barker,Enterprise,North America,Canada,Benderhaven,28/10/22,319428
43,Miller-Williams,Retail,North America,Germany,Navarroview,07/10/20,9814
44,Hayden PLC,Enterprise,North America,Germany,Port Emilyview,20/12/22,488129
45,Ruiz Ltd,Enterprise,Europe,USA,Moonburgh,26/08/24,441585
46,Walters-Vasquez,Wholesale,North America,USA,South Michaelmouth,13/12/21,12482
47,Hodge LLC,Retail,Middle East & Africa,Germany,Steeleport,26/04/23,5127
48,Cervantes-Pierce,Wholesale,Latin America,Japan,Millerview,16/12/21,35430
49,Hancock-Bryan,Wholesale,North America,Brazil,Lake Mollymouth,26/04/22,35526
50,Stone PLC,Retail,North America,China,Garrettton,24/06/21,2036
51,"Anderson, Roberts and Gilmore",Enterprise,Asia Pacific,India,Martinezbury,03/07/23,462557
52,Pierce-Tran,Retail,Latin America,Mexico,East Victoriaville,06/07/22,5612
53,Holland and Sons,Retail,Europe,UK,Cantuport,13/09/22,8765
54,Perry-Olson,Enterprise,Europe,France,Sanchezside,30/03/21,204653
55,Weeks PLC,Enterprise,Middle East & Africa,UK,Port Chad,03/10/23,340206
56,Morgan-French,Retail,Middle East & Africa,Japan,Loriport,27/07/23,1684
57,"Carpenter, Keller and Grimes",Enterprise,Europe,Italy,Ryanstad,29/12/21,209745
58,"Bennett, Cantu and Kane",Enterprise,Middle East & Africa,UK,New Patrick,02/02/24,266349
59,Williams-Garner,Retail,Asia Pacific,Germany,Hughesberg,24/08/22,4014
60,Martinez PLC,Retail,North America,Brazil,Mollymouth,23/01/21,3971
61,Smith-Thomas,Wholesale,North America,France,North Terrance,17/07/24,29048
62,Hanson-Sanders,Retail,Asia Pacific,China,Port Markside,09/03/22,4234
63,Sims-Clay,Retail,Middle East & Africa,Canada,Brennanton,19/02/23,4842
64,Welch LLC,Retail,Asia Pacific,India,Lake Christopher,30/07/24,6206
65,"Padilla, Garcia and Jackson",Enterprise,Middle East & Africa,India,Rebeccaton,17/12/21,129898
66,Carter LLC,Wholesale,North America,China,Thomashaven,25/04/22,38069
67,"Sparks, Jackson and Miller",Retail,Asia Pacific,UK,Harveybury,28/08/22,4629
68,"Thomas, Murray and King",Enterprise,Latin America,China,Elizabethmouth,08/04/24,292665
69,"Payne, Jones and Landry",Wholesale,Europe,Mexico,Daniellechester,05/06/23,46154
70,Bruce-Gonzalez,Enterprise,Europe,Brazil,Castanedaville,12/08/21,483294
71,"Howard, Phillips and Lyons",Retail,North America,USA,Port Dominiqueview,11/09/20,5312
72,"Osborne, Beltran and Lozano",Enterprise,Latin America,India,Wallport,08/10/23,353510
73,Lawson LLC,Retail,Middle East & Africa,Brazil,Lake James,01/09/21,1600
74,"Saunders, Becker and Taylor",Wholesale,Europe,India,Lake Debbieport,27/10/23,33974
75,Riley Ltd,Enterprise,Middle East & Africa,Brazil,North Renee,21/12/21,293637
76,Thompson-Anderson,Retail,North America,Mexico,Alyssaview,27/12/23,7500
77,Sloan-Raymond,Retail,Latin America,UK,Juliemouth,18/11/23,3717
78,Mccarty-Taylor,Retail,North America,Germany,Port Erica,13/05/23,3395
79,Coffey-Ballard,Wholesale,Asia Pacific,Germany,Christopherfurt,20/09/20,14119
80,"Martinez, Richardson and Curry",Retail,Asia Pacific,Japan,Brendastad,05/02/21,4387
81,Ruiz PLC,Wholesale,Asia Pacific,Canada,Rosebury,04/04/23,13043
82,"Colon, Blankenship and Turner",Enterprise,Asia Pacific,India,Wilsonton,13/06/24,487713
83,Ferrell-Wilson,Enterprise,Latin America,China,New Derek,24/06/22,392714
84,"Avery, Horton and Fernandez",Enterprise,Latin America,Germany,South Diana,01/01/24,181903
85,"Russell, Lynn and Johnson",Enterprise,Asia Pacific,Australia,Jeffmouth,19/06/24,478467
86,Garcia-Jennings,Wholesale,Latin America,UK,Bruceview,04/06/21,42888
87,Rush Group,Retail,Asia Pacific,Germany,Lake Jasontown,12/11/20,2263
88,Sanchez-Martinez,Retail,Middle East & Africa,Italy,North Maria,18/11/22,4062
89,"Robinson, Kane and Murphy",Retail,Asia Pacific,Italy,Port Rachel,04/09/20,4773
90,Huerta PLC,Retail,Europe,India,Laurenville,23/04/23,8889
91,Anderson LLC,Retail,North America,UK,New Mario,12/05/21,7732
92,Martinez Group,Enterprise,Middle East & Africa,USA,Lake Brycemouth,11/10/23,380060
93,"Wheeler, Hayes and Walker",Enterprise,Asia Pacific,UK,Lake Kristahaven,14/11/21,137210
94,"Maynard, Brown and Mendoza",Enterprise,North America,Italy,Simmonsville,17/08/22,345491
95,Jones-Miller,Enterprise,Latin America,India,North David,01/03/23,163557
96,"Kelley, Nguyen and Vang",Wholesale,Latin America,India,Shawnchester,22/01/21,21178
97,"Wilson, Pena and Rich",Retail,Europe,Italy,South Shannon,30/07/21,3979
98,Wilcox-Ross,Enterprise,Middle East & Africa,Canada,West Ronaldview,28/02/22,362755
99,Mcdaniel Group,Retail,North America,USA,North Marieland,23/05/22,7196
100,"Rodgers, Cain and Hawkins",Retail,Latin America,UK,Elizabethchester,29/01/22,9564
101,"Pugh, Henderson and Moon",Enterprise,Middle East & Africa,India,West Carolinestad,29/01/21,299492
102,"Lewis, Douglas and Walker",Retail,North America,Canada,West Meganstad,14/02/21,9706
103,Andrews-Aguirre,Wholesale,North America,Mexico,New Sarahview,12/10/20,49549
104,Park-Parker,Enterprise,Asia Pacific,USA,Michaelburgh,22/02/24,270559
105,"Sandoval, Jones and Figueroa",Enterprise,Latin America,Japan,North Julieborough,03/03/22,170316
106,Peterson-Wood,Wholesale,Asia Pacific,Australia,Kimberlyshire,19/01/23,37884
107,Moore PLC,Retail,Middle East & Africa,Japan,Lake Christophermouth,25/04/23,2373
108,Lawson-Perry,Wholesale,North America,India,Port William,17/01/22,10358
109,Campbell Ltd,Enterprise,Latin America,Mexico,Roseport,05/11/20,53771
110,Joyce-Brown,Retail,North America,UK,West Sierra,26/09/23,6175
111,Roberts-Wilson,Wholesale,Middle East & Africa,Japan,Burgessburgh,07/03/21,27124
112,"Padilla, Mason and Whitaker",Enterprise,Latin America,Germany,Charleston,30/05/22,406833
113,Morse-Atkins,Wholesale,Middle East & Africa,Brazil,Berrychester,27/10/21,21712
114,Smith-Nguyen,Wholesale,Asia Pacific,Italy,Collierstad,06/01/21,30096
115,Sanchez PLC,Wholesale,Europe,Australia,Warrenfurt,23/02/24,17804
116,"Morgan, Cook and Jackson",Enterprise,Middle East & Africa,Japan,New Williamstad,25/01/22,162437
117,"Briggs, Young and Thomas",Wholesale,North America,Canada,East Carrie,15/09/23,20534
118,"Jones, Bean and Burton",Retail,North America,Canada,Webstershire,17/06/22,8727
119,"Day, Downs and Morris",Wholesale,Middle East & Africa,USA,Edwardland,17/07/22,34303
120,"Turner, Hill and Brown",Enterprise,Middle East & Africa,France,West Steventon,22/11/20,371894
121,Jones-Lin,Enterprise,Latin America,Australia,New Brookefurt,08/07/22,385697
122,"Best, Stevenson and Williams",Retail,Europe,USA,West Cassidy,02/09/22,4304
123,Hayes LLC,Enterprise,Europe,India,New Debbieton,27/08/21,416188
124,Ritter-Warren,Retail,North America,UK,West Nathan,18/10/21,1590
125,Schroeder-Shelton,Retail,Latin America,Japan,Port Crystalmouth,05/12/20,5520
126,Grant Group,Enterprise,North America,Canada,Johnathanberg,31/12/21,58056
127,"Alvarado, Rangel and Collins",Enterprise,Asia Pacific,China,Andersonland,26/11/21,355624
128,Schneider-Murphy,Wholesale,Latin America,Japan,Lake Jacqueline,14/06/24,49738
129,"Gaines, Davis and Santiago",Enterprise,Latin America,Brazil,Andrewport,21/05/21,141768
130,Peterson Group,Retail,Asia Pacific,Canada,East Zoe,14/04/21,2185
131,Richard-Garcia,Enterprise,Middle East & Africa,France,Lake Matthewberg,20/01/23,476323
132,Martin Ltd,Enterprise,Latin America,Germany,Lake Samuel,23/04/22,345262
133,"Ball, Montes and Bishop",Wholesale,North America,Australia,Youngbury,26/11/21,40193
134,Mckee-Lee,Retail,Europe,Mexico,Murrayport,11/10/23,5224
135,"Rose, Burch and Montoya",Enterprise,Asia Pacific,Brazil,Port John,25/03/23,266229
136,Spencer-Garcia,Enterprise,Asia Pacific,Canada,West Christopherburgh,03/10/21,180158
137,"Hernandez, Kim and Potts",Wholesale,Europe,Australia,Port Shannon,23/01/22,14982
138,Perry Group,Wholesale,Asia Pacific,UK,Joeland,01/03/22,24323
139,Flores Inc,Enterprise,Europe,Germany,Laceyberg,25/10/20,436459
140,Horton-Taylor,Enterprise,Europe,Germany,Westtown,15/04/24,158411
141,Scott and Sons,Retail,North America,Canada,Rodriguezport,13/08/21,6833
142,Williams Group,Retail,Middle East & Africa,USA,Brownfort,19/01/23,9071
143,Chen PLC,Wholesale,Middle East & Africa,France,Lake Douglas,20/05/22,30671
144,"Gomez, Duncan and Lopez",Wholesale,Latin America,Germany,New Theresaland,23/06/24,43497
145,"Romero, Mcneil and Spencer",Enterprise,Latin America,Australia,Markston,17/03/23,325636
146,King-Smith,Enterprise,Latin America,Mexico,West Johnville,02/10/23,232079
147,"Sherman, Anderson and Bell",Retail,Middle East & Africa,Australia,Lisaburgh,27/12/23,8490
148,"Marshall, Dominguez and Welch",Wholesale,Europe,Japan,North Jennifer,09/06/24,10774
149,Carter Inc,Enterprise,Middle East & Africa,France,North Leslie,27/11/21,239583
150,Hays-Daniels,Retail,Asia Pacific,Australia,Benjaminborough,23/10/21,9987
151,Glenn LLC,Enterprise,Latin America,Japan,Davidstad,31/05/22,146423
152,Paul-Kline,Retail,Latin America,France,Morganburgh,25/08/22,7866
153,Richardson-Salinas,Wholesale,Middle East & Africa,Mexico,Lauriechester,24/12/20,47447
154,"Carney, White and Carter",Retail,Europe,Brazil,North Markport,21/11/21,2636
155,"Robbins, Jackson and Wallace",Wholesale,Europe,Australia,Williamsstad,15/02/23,22849
156,Hill-Whitney,Retail,Europe,Mexico,North Emilyfurt,12/02/22,3893
157,"Shelton, Cisneros and Thomas",Enterprise,Latin America,France,Johnsonland,10/08/21,461740
158,"Diaz, Reyes and Bradley",Wholesale,Europe,USA,Lake Shannon,23/02/22,36109
159,Hines-Berry,Retail,North America,Australia,Raymondview,30/08/21,5166
160,Johnson and Sons,Enterprise,Asia Pacific,Brazil,Holmesside,19/02/21,239248
161,Padilla-Lewis,Enterprise,Latin America,Canada,Heatherfort,19/06/21,60399
162,Farrell Group,Wholesale,Middle East & Africa,UK,Lake Sean,06/01/21,47804
163,"Ponce, Downs and Contreras",Wholesale,Middle East & Africa,Australia,New Amberport,26/01/24,31305
164,"Mckinney, Graves and Thompson",Enterprise,Middle East & Africa,France,Williamville,09/08/24,249790
165,Young Group,Wholesale,Asia Pacific,Japan,West Angelastad,14/07/22,20982
166,"Anderson, Henson and Jones",Enterprise,Europe,China,Keyfort,08/10/22,91477
167,Morrow-Jones,Retail,Asia Pacific,Italy,Dawnmouth,12/07/22,6136
168,"Cooper, Humphrey and Deleon",Wholesale,Asia Pacific,Italy,Port Tammy,25/05/22,27776
169,Guerra PLC,Enterprise,Europe,UK,West Fred,15/12/21,267049
170,"Perez, Meza and Stone",Retail,Asia Pacific,Italy,Meghanview,13/06/21,3048
171,"Hill, Weber and Mendez",Enterprise,Latin America,Canada,New Danielleshire,06/06/24,137509
172,Jackson PLC,Retail,North America,USA,Meganshire,30/10/20,2045
173,Miller Ltd,Wholesale,Asia Pacific,India,Debrashire,01/05/22,15455
174,"Johnson, Small and Gardner",Retail,Europe,Germany,Timothyfurt,08/11/21,2381
175,Barker and Sons,Enterprise,Europe,UK,Perrymouth,25/06/21,378456
176,"Thomas, Hensley and Flores",Enterprise,Asia Pacific,China,Theresaberg,16/09/23,68431
177,"Hoffman, Flores and Owens",Wholesale,Middle East & Africa,Australia,Shannonberg,19/01/21,45427
178,Dougherty-Lin,Retail,Middle East & Africa,Australia,Wrightburgh,02/12/23,9835
179,"Griffith, Lee and Moore",Enterprise,Middle East & Africa,France,Jimenezport,27/08/22,385432
180,Landry PLC,Wholesale,North America,Australia,Levyborough,31/12/22,45367
181,Williams Group,Wholesale,Europe,France,Mitchelltown,20/01/24,37014
182,Anderson-Baker,Retail,Europe,China,Kathrynstad,05/11/20,1001
183,Hudson and Sons,Wholesale,Latin America,Australia,Angelaland,18/03/22,45068
184,Duran-Ramirez,Wholesale,Asia Pacific,India,East Theresafurt,27/02/22,38209
185,Grant-Diaz,Retail,Europe,Japan,East Carrie,09/04/22,1118
186,Williams and Sons,Enterprise,Europe,Italy,Lindahaven,29/06/22,181017
187,"Barry, Taylor and Velazquez",Enterprise,Asia Pacific,Canada,Franciscoport,15/01/23,165653
188,"Clayton, Patel and Erickson",Wholesale,Middle East & Africa,Italy,Thomastown,20/02/22,43856
189,"Rodriguez, Butler and Parker",Enterprise,Middle East & Africa,France,New Thomasshire,22/12/22,389978
190,"Williams, Castillo and Warren",Wholesale,Europe,France,Hernandezbury,16/10/20,14486
191,"Rodriguez, Smith and Edwards",Retail,Middle East & Africa,Australia,South Hannah,22/04/22,8460
192,"Knapp, Salas and Fitzgerald",Retail,North America,Brazil,Lake Devinborough,28/11/22,6253
193,"Mendoza, Bennett and Frye",Retail,Asia Pacific,UK,Barrmouth,07/11/22,4046
194,"Ingram, Le and Schneider",Enterprise,North America,UK,Chelseaborough,29/06/24,172059
195,Grant-Walker,Retail,Latin America,France,Kellieborough,05/06/23,9086
196,Stewart-Bailey,Wholesale,North America,China,Keithshire,16/05/23,40388
197,Huang-Foster,Retail,Latin America,Canada,Stephanieberg,29/10/21,3393
198,Moses-Miller,Enterprise,Asia Pacific,Japan,Douglasfort,09/07/21,150764
199,"Nelson, Hoffman and Nelson",Retail,Latin America,Germany,New Joycebury,20/08/21,2998
200,"Stein, Perez and Hall",Enterprise,North America,Brazil,South Markfort,24/01/21,291610
201,Smith PLC,Enterprise,Asia Pacific,China,South Denise,09/03/24,254012
202,Woods-Gonzalez,Retail,North America,France,Manuelton,18/04/24,1691
203,Pearson and Sons,Wholesale,North America,Mexico,East Robertburgh,26/05/24,23023
204,Osborn Group,Retail,Latin America,China,Lopezport,03/03/24,2850
205,Evans PLC,Retail,North America,Japan,West Justinside,06/10/22,3742
206,Rosales Group,Retail,Latin America,Italy,Jamesville,27/12/21,1146
207,"Stevens, Scott and Lopez",Enterprise,North America,Germany,Krystalshire,13/05/23,454119
208,Thompson Ltd,Retail,Middle East & Africa,China,Wilcoxhaven,23/12/21,9190
209,Caldwell-Lopez,Enterprise,Europe,Italy,South Marcus,28/08/21,236393
210,Reyes-Griffin,Enterprise,Europe,China,Stephanieport,29/12/22,305770
211,"Smith, Valdez and Schwartz",Enterprise,Europe,USA,Lake Davidport,21/04/21,434402
212,"Shaw, Jacobson and Padilla",Enterprise,Europe,France,Hannahport,18/02/22,429793
213,Robinson and Sons,Retail,Asia Pacific,Brazil,Hernandezstad,30/04/22,8951
214,"Durham, Todd and Pham",Enterprise,Europe,Brazil,Port John,07/09/23,347114
215,Fox PLC,Wholesale,Middle East & Africa,Brazil,Christianshire,10/02/21,40696
216,"Leach, Harris and Herrera",Retail,Latin America,France,West Melissa,07/06/22,2128
217,"Harris, Aguilar and Davis",Wholesale,North America,Mexico,Stokesmouth,11/03/21,34059
218,Bryant-Brown,Enterprise,Middle East & Africa,China,Chambersport,23/07/23,59814
219,Scott-Smith,Enterprise,North America,Mexico,New Charles,12/05/22,428013
220,"Brown, Mcknight and Michael",Enterprise,Latin America,Brazil,South Anthonychester,20/05/21,324763
221,Cannon Ltd,Retail,Asia Pacific,Canada,Brooksfurt,17/06/22,5638
222,Bennett-Vega,Retail,Europe,UK,Lake Michelle,20/02/21,9572
223,"Long, Anderson and Irwin",Retail,Europe,Canada,Port Andrewport,08/07/22,4310
224,"Stephens, Patel and Morrow",Retail,Middle East & Africa,Italy,South Michael,07/10/21,7366
225,"Cannon, Johnson and Keller",Enterprise,Europe,India,East Jamieville,15/01/23,242075
226,Harper-Warner,Enterprise,Latin America,Canada,East Joyfurt,03/06/22,159438
227,"Robinson, Shields and Brown",Wholesale,Latin America,China,Jimshire,09/12/21,33653
228,"Barton, Cardenas and Young",Enterprise,North America,Italy,Lake Adriana,27/04/22,327359
229,Brown-Fry,Retail,Middle East & Africa,Canada,Lake Erika,21/11/22,5979
230,Compton Ltd,Retail,Europe,Germany,Floydmouth,14/06/23,4784
231,Hernandez-Bennett,Enterprise,Europe,Brazil,Allenbury,13/11/21,377850
232,"Thomas, Ford and Brown",Enterprise,Middle East & Africa,China,Faulknerside,14/10/22,451753
233,Sanchez-Harris,Enterprise,Europe,UK,South Melanieland,22/10/22,104579
234,Williams Group,Enterprise,Europe,Brazil,Port Charlesshire,25/07/23,226953
235,"Robinson, Clark and Meadows",Enterprise,Middle East & Africa,China,Susantown,06/07/21,215231
236,Hayden Inc,Wholesale,Asia Pacific,India,Rochaborough,02/04/22,38219
237,Arnold LLC,Retail,Middle East & Africa,Italy,Owensstad,24/11/21,9939
238,Hunt-Crawford,Wholesale,Latin America,USA,Port Tinafort,17/09/23,39648
239,Rocha-Wood,Enterprise,North America,Brazil,Williamsbury,18/08/23,362351
240,Green PLC,Retail,Europe,Germany,Phillipsborough,25/12/21,5945
241,Hudson-Sanchez,Wholesale,Middle East & Africa,Brazil,Jonathanfort,13/07/24,28085
242,"Singh, Murray and Oconnor",Enterprise,Latin America,China,Garyside,14/08/22,69784
243,"Mooney, Bernard and Warren",Retail,Middle East & Africa,Germany,Port Elizabethtown,25/04/22,3267
244,"Hall, Mann and Smith",Retail,Middle East & Africa,Japan,Brooksfort,21/04/23,5198
245,Smith PLC,Enterprise,Asia Pacific,Australia,Smithhaven,22/07/23,429364
246,"Madden, Smith and Li",Retail,North America,India,Drakeburgh,03/02/21,8999
247,Warren and Sons,Enterprise,Middle East & Africa,Japan,New Alisha,05/12/23,433144
248,Norton-Miller,Retail,Latin America,Japan,Stevensbury,16/08/24,1916
249,Evans Inc,Retail,Latin America,USA,North Richardfurt,16/11/22,4714
250,Walsh Ltd,Wholesale,Middle East & Africa,India,North Vincent,26/05/22,12698
251,Knight-Hodge,Retail,Europe,UK,New Samanthabury,05/07/21,6354
252,"Clay, Alvarez and Williams",Retail,Middle East & Africa,India,Lake Saraside,02/12/22,7436
253,White LLC,Enterprise,Asia Pacific,Japan,East Brendafurt,19/05/24,276458
254,Martin-Allen,Retail,Latin America,India,Rhodesside,28/12/21,3165
255,"Taylor, Hinton and Ramsey",Enterprise,Asia Pacific,Canada,Brianchester,05/08/21,259291
256,Peterson PLC,Wholesale,Europe,UK,Novakmouth,13/10/20,38474
257,Bowers-Hayes,Wholesale,Middle East & Africa,Germany,West Angela,02/03/22,41972
258,Frazier Ltd,Enterprise,North America,France,Millerport,09/11/23,177042
259,"Jones, Adams and James",Wholesale,North America,Mexico,Lake Peter,08/02/22,47749
260,Smith LLC,Wholesale,Europe,China,Wardview,27/01/21,33938
261,Lopez Group,Wholesale,Asia Pacific,India,Garcialand,30/01/22,29976
262,Carlson LLC,Wholesale,Europe,Germany,Smithchester,20/03/22,38866
263,Hardy PLC,Enterprise,North America,Canada,New Adriana,29/05/23,447270
264,Taylor LLC,Enterprise,Europe,France,Trevorland,02/05/21,375584
265,Fisher-Washington,Retail,Latin America,Australia,West Johnathanbury,20/07/23,6624
266,Wheeler-Gonzalez,Retail,Middle East & Africa,Germany,East Kevinfurt,29/12/21,6437
267,"James, Atkins and Alexander",Retail,Asia Pacific,Brazil,Ochoaberg,12/11/21,9952
268,"Valentine, Harris and Edwards",Wholesale,Middle East & Africa,Mexico,Novakport,09/08/23,11205
269,"Henry, Johnston and Sanchez",Enterprise,North America,France,Ramirezfurt,15/02/22,139296
270,"Gonzalez, Osborn and White",Retail,North America,Canada,Lake Stevenborough,02/06/22,5444
271,Guerra-Jones,Wholesale,North America,France,Chambersberg,14/03/23,33607
272,King and Sons,Enterprise,Middle East & Africa,Italy,Mccormickland,18/06/22,249597
273,"Mendoza, Morales and Hunter",Retail,Middle East & Africa,Canada,Stephensstad,22/06/23,6168
274,"Wheeler, Rocha and Rodriguez",Retail,Middle East & Africa,Italy,Lake Elizabeth,01/05/21,4258
275,"Williams, Terrell and Byrd",Retail,Asia Pacific,China,Rasmussenmouth,11/07/24,1651
276,Rodriguez-Garcia,Wholesale,Asia Pacific,Mexico,New Julie,24/11/22,20289
277,"Johnston, Griffin and Myers",Wholesale,Middle East & Africa,France,West Whitney,06/08/22,29813
278,Perry-Nixon,Retail,North America,Brazil,Port Sheliaberg,21/01/22,5221
279,Gibson-Clark,Wholesale,Latin America,Mexico,Baileyville,02/06/22,19942
280,"Chavez, Jones and Williams",Retail,Middle East & Africa,Mexico,North Melindaville,17/05/23,2438
281,Spears Ltd,Enterprise,Middle East & Africa,UK,New Greg,21/04/21,176018
282,"Simmons, Murray and Salinas",Wholesale,Latin America,Brazil,East Danielle,24/05/22,49673
283,Mclaughlin and Sons,Retail,Middle East & Africa,Mexico,Vargasfurt,06/09/20,4387
284,Harris Ltd,Retail,Middle East & Africa,UK,New Cristianside,31/05/21,3262
285,Gonzalez-Wilson,Wholesale,Asia Pacific,Canada,Rosemouth,20/01/23,47017
286,"Long, Wilson and Bell",Enterprise,Asia Pacific,UK,Williamsonport,04/05/24,146539
287,"Miller, Anderson and Wilson",Enterprise,Latin America,France,Darylstad,10/06/23,267076
288,"Price, Carlson and Andrews",Wholesale,Europe,Canada,Lopezside,10/06/23,19958
289,"Arias, Thompson and Jackson",Retail,Middle East & Africa,India,Donaldmouth,13/01/24,4026
290,"Brown, Howard and Smith",Wholesale,Europe,Mexico,East Lisa,09/07/24,49083
291,"Delgado, Ortiz and Vasquez",Retail,Latin America,UK,Burnsland,05/12/22,6886
292,Carter LLC,Enterprise,Latin America,Australia,New Keith,15/10/23,146456
293,"Newton, Cannon and Dunn",Wholesale,Europe,USA,New Dannyside,16/12/23,20733
294,Weaver-Sherman,Wholesale,Europe,Italy,Paynechester,27/01/21,27685
295,"Potter, Evans and Kidd",Enterprise,Europe,Australia,Bakerland,03/06/22,84674
296,Rowe and Sons,Enterprise,Europe,Japan,Port Joan,03/06/23,289885
297,"Bishop, Patterson and Jensen",Wholesale,Latin America,Italy,Port Jamie,25/11/20,49841
298,Patel-Carlson,Wholesale,Middle East & Africa,Brazil,West Tiffany,01/11/21,47482
299,"Adams, Hodge and Duke",Enterprise,Latin America,Australia,East Sydneychester,04/05/24,107313
300,Camacho-Martinez,Retail,Latin America,Italy,East Dustin,14/12/21,5025
301,Juarez Ltd,Retail,North America,Germany,Burnsshire,12/03/23,7347
302,"Perry, Hayes and Schultz",Wholesale,Asia Pacific,Australia,South Zacharyview,11/06/23,36085
303,Gibson-Freeman,Retail,North America,Italy,Port Kimland,03/08/23,7921
304,Reid-Terry,Enterprise,Latin America,Canada,Port Amandaborough,15/07/24,485103
305,Simpson LLC,Enterprise,Middle East & Africa,Italy,Matthewshire,09/03/21,144251
306,Kramer-Shannon,Enterprise,Asia Pacific,Australia,North Corymouth,23/09/20,266824
307,Alexander Inc,Retail,Europe,Australia,Harrisberg,11/03/24,3930
308,Moore-Cantu,Retail,Europe,Italy,Clarencestad,31/08/21,5097
309,Beck-Banks,Enterprise,Latin America,Mexico,South Conniebury,20/05/22,109855
310,Padilla Inc,Wholesale,Latin America,Italy,South Christian,15/01/23,44328
311,"Frazier, Smith and Dominguez",Enterprise,Latin America,USA,Port Robertberg,29/07/22,338539
312,Reyes Ltd,Retail,Europe,UK,North Lawrenceport,19/03/21,6491
313,May Ltd,Retail,Asia Pacific,France,North Alyssa,12/09/20,3930
314,"Martin, Bell and Lewis",Enterprise,Europe,Canada,South Christina,08/06/22,378441
315,Miller Inc,Retail,Asia Pacific,USA,Port David,02/08/23,4323
316,Richmond-Edwards,Wholesale,North America,India,East Joshua,01/01/21,42679
317,"Burke, Griffith and Mitchell",Wholesale,Latin America,Australia,Port Melanieport,27/06/21,24213
318,"Hicks, Adkins and Phillips",Wholesale,Middle East & Africa,USA,Port Rachaelbury,24/08/22,15203
319,Allen Ltd,Retail,Middle East & Africa,Germany,New Pamelatown,11/08/24,9967
320,Anderson-Valencia,Retail,Asia Pacific,USA,Diazburgh,19/09/23,4028
321,Smith Inc,Retail,Middle East & Africa,France,West Jasonton,17/06/24,1531
322,Hunter-Fuller,Wholesale,Latin America,UK,Hendersonfurt,29/12/20,13213
323,"Medina, Hernandez and Miller",Retail,Middle East & Africa,UK,New Samanthaberg,23/10/22,5659
324,Willis-Hines,Wholesale,Asia Pacific,China,West Hollybury,23/11/20,12348
325,Middleton Inc,Wholesale,Latin America,Brazil,Salazarton,25/11/21,14434
326,"Barrett, Thompson and Smith",Retail,North America,Italy,Lake Alexander,26/08/22,5797
327,Mills-Logan,Wholesale,Middle East & Africa,Germany,Garyberg,31/08/23,44540
328,Quinn-Wilson,Enterprise,Middle East & Africa,Italy,West Lindsayview,05/10/22,107305
329,Joseph-Ray,Enterprise,Middle East & Africa,Italy,South Spencerstad,19/11/20,303578
330,"Jackson, Moore and Ayala",Wholesale,Asia Pacific,France,East Joycetown,03/11/20,49901
331,Sanchez Group,Enterprise,Middle East & Africa,Australia,Patrickberg,19/05/21,372064
332,Tran Ltd,Enterprise,Europe,India,Walkerbury,01/05/22,473614
333,"Flores, Mckenzie and Duncan",Retail,North America,USA,New Emilyton,20/05/21,5759
334,"Jarvis, Finley and Jones",Wholesale,Middle East & Africa,Japan,Clineport,22/12/21,23587
335,"Bryant, Wood and Carter",Wholesale,Middle East & Africa,Mexico,Jodibury,09/07/22,31875
336,"Bonilla, Cuevas and Parsons",Retail,Asia Pacific,France,East Adam,22/04/22,1185
337,Weaver Ltd,Retail,Middle East & Africa,China,West Aaronfurt,23/01/24,6042
338,"Parker, Harris and Bird",Retail,Latin America,Italy,Vasquezton,21/07/24,2865
339,Dawson Inc,Enterprise,Asia Pacific,China,East Phyllishaven,26/04/22,151720
340,Ellis-Adkins,Enterprise,North America,Mexico,New Dennisfurt,18/12/20,467990
341,"Brown, Bates and Anderson",Retail,Latin America,Brazil,Josemouth,14/05/24,8888
342,Haynes-Moss,Wholesale,North America,Brazil,Shawnbury,18/12/20,37128
343,Taylor PLC,Wholesale,North America,Germany,East Danielmouth,12/07/22,46384
344,Martinez-Howard,Enterprise,Europe,France,South Kyle,22/09/21,84714
345,Davis Ltd,Retail,Middle East & Africa,UK,Margaretton,11/07/21,6556
346,Hernandez-Dawson,Enterprise,North America,France,Randyton,17/05/23,362051
347,Wilkins-Thompson,Enterprise,Latin America,Canada,Bondside,28/08/23,192342
348,Davis Inc,Wholesale,Asia Pacific,Germany,North Alexander,27/12/23,34352
349,Anderson Group,Enterprise,Asia Pacific,USA,Ginaland,29/12/22,108841
350,Lowery-Jones,Retail,North America,Australia,East Rachelmouth,26/11/23,2517
351,Stein LLC,Enterprise,Latin America,Italy,North Sheriton,03/05/21,228318
352,"Hamilton, Ramsey and Crawford",Enterprise,North America,Brazil,Vegaburgh,30/01/22,125127
353,Hill Group,Enterprise,North America,Australia,North Christina,18/02/23,429883
354,"Phillips, Jenkins and Pierce",Wholesale,Asia Pacific,USA,North Joshuaberg,05/05/22,17591
355,"Wilkerson, Fox and Mccoy",Enterprise,North America,Canada,South Kimberlystad,01/08/22,294777
356,Cooper-Cunningham,Enterprise,Asia Pacific,Mexico,Paulburgh,08/10/20,352807
357,"Robinson, Huang and Osborne",Retail,Asia Pacific,France,Port Victoriahaven,04/02/22,6257
358,"Key, Dickson and Garcia",Enterprise,North America,France,West Amanda,30/10/23,401862
359,"Brown, Davies and Robinson",Retail,North America,India,Kellyburgh,15/05/21,3580
360,"Stewart, Rojas and Howard",Enterprise,Middle East & Africa,China,Lake Jackieshire,02/12/22,158306
361,"Vaughan, Copeland and Cochran",Enterprise,Asia Pacific,India,Weaverburgh,17/08/22,124216
362,Brown PLC,Retail,Middle East & Africa,China,North Alisha,31/08/20,3806
363,"Harris, Anderson and Love",Enterprise,North America,Australia,Brianberg,05/01/23,118196
364,Schroeder PLC,Enterprise,North America,Canada,Susanstad,26/06/23,251116
365,"Foster, Garcia and Turner",Wholesale,Middle East & Africa,India,East Jessica,31/05/22,21729
366,"Yu, Banks and Thompson",Enterprise,Asia Pacific,Germany,Jeffreyshire,03/12/23,213808
367,Parker-Barker,Enterprise,Latin America,India,East Jessica,17/06/24,446226
368,"Myers, Gamble and Sanford",Retail,Latin America,France,East Carriebury,23/03/23,2522
369,Zuniga and Sons,Enterprise,Europe,UK,Juliebury,19/01/22,171474
370,Jackson-Mcclure,Enterprise,Europe,Italy,Port Jennamouth,14/06/22,255561
371,Clark-Steele,Enterprise,Latin America,USA,Jonathanville,19/07/23,287650
372,Cruz Ltd,Retail,Latin America,Australia,Costachester,21/08/22,8787
373,Bell-Bennett,Retail,Middle East & Africa,UK,Kramershire,09/04/23,5624
374,"Perez, Hayes and Lloyd",Enterprise,North America,China,West Andrewview,21/06/24,478633
375,Peterson Group,Enterprise,Latin America,Japan,Lake Charles,07/06/24,329312
376,Morgan PLC,Enterprise,Europe,Brazil,Bushchester,07/06/24,375517
377,Lawson Group,Retail,Asia Pacific,Germany,North Craig,27/06/21,8903
378,Ortiz PLC,Enterprise,Asia Pacific,Brazil,Donnaport,13/08/21,347382
379,Long PLC,Enterprise,North America,Italy,Hernandezstad,05/09/20,397399
380,Phillips Ltd,Enterprise,Middle East & Africa,Australia,Gonzaleztown,29/06/21,360464
381,"Carter, Miller and Anthony",Wholesale,Asia Pacific,Japan,Kristenfort,15/08/22,39177
382,"Baker, May and Hughes",Retail,Latin America,China,Nicolestad,30/05/21,2781
383,Baker Group,Wholesale,Europe,India,Jeremyview,03/12/22,15933
384,Goodwin Ltd,Enterprise,Europe,Australia,North Elizabethside,27/04/22,396492
385,"Perez, Brown and Hughes",Enterprise,Middle East & Africa,Australia,Sheppardfort,15/12/22,372737
386,Alvarez Inc,Retail,Middle East & Africa,Mexico,Orrton,03/09/22,4369
387,"Mcbride, Byrd and Oliver",Wholesale,Middle East & Africa,USA,Port Shaneburgh,21/07/24,32561
388,Martinez Group,Enterprise,Europe,France,Lake Ryanberg,01/01/24,494405
389,Flores-Acosta,Retail,North America,Italy,North Paulfurt,15/11/22,7049
390,Stone-Stark,Enterprise,North America,Germany,Port Isabellashire,03/10/22,197958
391,Rodriguez-Hernandez,Wholesale,Latin America,Japan,North Annaville,22/10/23,30848
392,"Beard, Humphrey and Baker",Wholesale,Europe,Australia,Armstrongfort,24/10/20,45724
393,Powell-Montgomery,Retail,Asia Pacific,Japan,Williamsmouth,05/06/23,4083
394,Reese LLC,Retail,North America,Canada,Andrewport,28/11/21,5726
395,Garrison-Cohen,Enterprise,Latin America,Mexico,East Kevin,22/08/23,428189
396,Adams-Butler,Wholesale,Latin America,Australia,East Scottchester,18/08/23,15548
397,"Camacho, Nicholson and Robertson",Enterprise,Middle East & Africa,Japan,North Larry,10/09/22,288233
398,Deleon PLC,Enterprise,Europe,UK,East Jamesborough,05/01/24,236283
399,Johnson Inc,Wholesale,Europe,Italy,Janetview,20/02/22,47875
400,Wagner-Reid,Enterprise,Middle East & Africa,China,Lake Anthonystad,15/08/22,336348
401,Thompson-Harrell,Retail,Asia Pacific,Canada,Maxview,30/08/23,1620
402,"Davis, Johnson and Williams",Enterprise,Middle East & Africa,France,Port Jeffrey,25/07/21,124494
403,Adams Group,Wholesale,Middle East & Africa,Canada,Port Kimberlytown,24/07/22,15127
404,Holland PLC,Retail,Middle East & Africa,India,East Johnnyport,08/07/23,8740
405,"Day, Coleman and Bennett",Wholesale,North America,Australia,Stephenborough,13/07/22,32514
406,"Meyer, Hanson and Silva",Wholesale,Asia Pacific,Japan,New Yvonnestad,29/11/22,40751
407,"Lynch, Evans and Rodriguez",Wholesale,North America,Italy,West Vanessamouth,10/02/24,28953
408,Douglas-Farley,Enterprise,North America,Mexico,Jacobhaven,23/09/23,186547
409,Trujillo PLC,Wholesale,Asia Pacific,Italy,Guerreroberg,20/07/23,47542
410,"Jimenez, Phillips and Meadows",Enterprise,North America,UK,Priceton,30/12/22,304153
411,"Cabrera, Cooper and Reeves",Enterprise,Europe,India,Knoxstad,11/09/22,182147
412,Pittman PLC,Wholesale,North America,India,West Connor,05/03/21,26839
413,Hardy-Hansen,Retail,Europe,France,Lake Rachel,14/04/23,3476
414,Kelly Ltd,Enterprise,Middle East & Africa,USA,Robertmouth,25/02/22,144796
415,"Carter, York and Ruiz",Wholesale,Europe,Australia,South Pamelahaven,22/02/21,19507
416,"James, Evans and Brown",Wholesale,Latin America,Italy,East Victoria,13/01/22,25594
417,"Orozco, Hatfield and Thomas",Enterprise,Asia Pacific,USA,Port Christopher,29/12/21,352911
418,Edwards Inc,Enterprise,Europe,Australia,South Joshuaburgh,20/12/22,77537
419,Burns Inc,Wholesale,Middle East & Africa,Germany,New Ryan,20/05/22,29750
420,Sanford-Reyes,Wholesale,Europe,Brazil,New Jamesstad,19/06/24,41102
421,Sherman-Schmidt,Wholesale,Latin America,Japan,Lake Adambury,27/07/21,28926
422,Collins-Garcia,Enterprise,North America,Canada,Garyton,09/11/21,408023
423,Bryant-Meyer,Enterprise,Asia Pacific,China,Ryanberg,13/01/22,370070
424,Howard-Lopez,Wholesale,Middle East & Africa,Japan,Smithbury,29/07/23,16440
425,Clark Inc,Wholesale,Europe,Brazil,North Michael,08/04/23,48582
426,Brooks Ltd,Wholesale,North America,Mexico,Kelseyton,15/01/23,30530
427,Stanley Ltd,Retail,North America,Brazil,North Hannahchester,11/06/22,2113
428,Kelley Group,Retail,Asia Pacific,France,East Heather,09/03/23,8306
429,Fisher-Garcia,Retail,North America,USA,Cindyberg,04/05/22,1557
430,Hunt PLC,Enterprise,North America,Italy,West Danielville,28/08/22,384539
431,"Gonzalez, Baker and Mills",Retail,Latin America,Mexico,West Jade,05/11/21,2415
432,Kelley and Sons,Enterprise,Europe,France,Riveratown,18/09/20,414722
433,Meadows PLC,Wholesale,Latin America,France,Hernandezland,13/10/23,14962
434,Cummings Inc,Wholesale,North America,France,Dawnmouth,14/08/24,26864
435,Baker-Williams,Retail,North America,France,Port Benjamin,29/10/21,7271
436,"Edwards, Rodgers and Davis",Wholesale,Latin America,Germany,North Melissaburgh,24/12/21,38873
437,Friedman-Adams,Enterprise,Latin America,Canada,West Lisaburgh,13/02/21,388419
438,Rivers-Nelson,Retail,Middle East & Africa,Mexico,Vaughnfort,12/11/23,9857
439,"Mercado, Jackson and Anderson",Retail,North America,Canada,Port Erikchester,23/04/24,8234
440,Pham-Gregory,Retail,Latin America,UK,New Noah,05/02/22,5105
441,Huffman Ltd,Enterprise,Latin America,France,South Samantha,12/02/21,398444
442,Alexander-Brown,Retail,North America,Brazil,Alexanderhaven,26/09/23,6403
443,"Cummings, Walker and Sosa",Enterprise,Latin America,Italy,Aprilville,25/05/22,278619
444,"Wright, Reed and Rhodes",Retail,Latin America,Italy,Hernandezside,26/03/24,9849
445,"Brown, Schneider and Moore",Wholesale,Asia Pacific,China,Christianburgh,18/12/20,47174
446,Flores-Rivera,Enterprise,North America,China,Brentbury,13/11/22,78937
447,Powell-Young,Enterprise,Latin America,France,Wallaceshire,16/06/22,491021
448,West-Wilson,Enterprise,North America,Japan,Mcgeetown,27/01/21,340704
449,Johnson-Dunn,Enterprise,Latin America,Canada,Port Cassandraport,23/03/24,414842
450,"Clark, Powers and Clements",Enterprise,Latin America,Italy,Marciabury,16/01/24,94492
451,Castro-Harvey,Retail,North America,Italy,Moranstad,12/07/23,3292
452,Davis Ltd,Enterprise,North America,Brazil,North Matthew,26/12/23,253826
453,Kelley-Brooks,Enterprise,Latin America,USA,North Pennyfort,24/03/21,329938
454,"Newton, Ortiz and King",Retail,North America,Japan,East David,28/01/24,6558
455,Bryant and Sons,Retail,Middle East & Africa,UK,Danielchester,06/11/20,4468
456,"Monroe, Chapman and Barton",Enterprise,Europe,Australia,Ellisshire,27/06/24,69334
457,Maynard Inc,Enterprise,North America,Germany,New Savannahshire,06/08/22,374205
458,"Norman, Kent and Holt",Enterprise,North America,France,Lake Lisa,29/01/21,140308
459,"Burke, Andrade and Gordon",Retail,Middle East & Africa,Canada,Barnesbury,04/10/21,8474
460,Waller-Chavez,Retail,Middle East & Africa,Germany,East Robert,19/06/23,2870
461,"Hunt, Cameron and Kelley",Retail,Latin America,China,Jenniferside,13/03/23,4320
462,Clark Ltd,Retail,Europe,USA,Glendaberg,03/08/24,9943
463,"Hester, Thompson and Daniels",Enterprise,North America,France,Jenniferstad,30/11/22,83146
464,"Duncan, Contreras and Butler",Retail,Asia Pacific,Brazil,Nataliechester,24/11/23,7801
465,"Rodriguez, James and Brown",Retail,North America,UK,East Josephburgh,06/08/24,8187
466,"King, Franco and Vaughn",Retail,Latin America,Canada,Jamesside,17/10/20,7162
467,Garcia-Parrish,Retail,Middle East & Africa,France,Lake Deborah,22/03/22,1118
468,"Mueller, Lindsey and Roberts",Wholesale,Europe,Mexico,South Paulmouth,12/07/24,18316
469,Smith LLC,Wholesale,Europe,UK,New Misty,09/02/24,39518
470,Greer-Pruitt,Enterprise,Latin America,India,Kariside,14/08/23,144372
471,Parsons and Sons,Retail,North America,Brazil,Shaneland,31/05/21,5934
472,Moss Inc,Retail,North America,India,Williamsview,22/11/22,4144
473,Martin LLC,Wholesale,Latin America,Mexico,West Stevenberg,28/10/20,43262
474,Carlson-Ayala,Enterprise,Europe,Canada,Tracyshire,12/11/22,77823
475,Bowers LLC,Retail,Europe,Mexico,East Abigail,23/10/23,8772
476,Perry PLC,Retail,Europe,Japan,Davisbury,13/03/24,1885
477,"Rivera, Ward and Robinson",Wholesale,North America,Italy,Barajastown,14/02/21,39697
478,Griffin-Conway,Retail,North America,Australia,North Felicia,12/12/21,9804
479,Cruz PLC,Enterprise,Latin America,India,Angelhaven,15/12/23,173364
480,Robertson-Hicks,Enterprise,Asia Pacific,Germany,Williamsborough,11/12/21,154202
481,Vaughan and Sons,Retail,Europe,Italy,Lake Cameronborough,15/02/24,6343
482,Houston-Harris,Wholesale,North America,Australia,Lucasland,27/08/23,34610
483,Johnson Ltd,Enterprise,Europe,Germany,Benjaminland,18/11/20,278518
484,Grant-Andrews,Enterprise,Asia Pacific,UK,West Rickey,21/06/22,253072
485,Hamilton-Smith,Wholesale,Europe,China,New Adamland,09/09/23,33500
486,"Williams, Charles and Howard",Retail,Asia Pacific,UK,West Kristinport,03/02/23,1525
487,Hubbard-Kim,Retail,Europe,China,Shorttown,24/07/22,8627
488,"Robinson, Francis and Robles",Retail,Middle East & Africa,UK,Susanberg,09/11/21,5835
489,"Wong, Bernard and Smith",Enterprise,Middle East & Africa,Australia,North Bobby,15/12/22,265847
490,Medina-Arroyo,Retail,North America,Italy,Jasonstad,06/07/21,8757
491,"York, Thomas and White",Wholesale,Latin America,India,Jamesburgh,08/05/23,26241
492,"Phelps, York and Randolph",Retail,Latin America,USA,Newmanland,29/10/21,3440
493,King and Sons,Retail,Latin America,Brazil,Lynnstad,06/03/21,8711
494,"Young, Mitchell and Jones",Wholesale,Latin America,Germany,West Todd,23/12/21,16422
495,"Torres, Silva and Cunningham",Retail,Europe,China,Lindseychester,04/05/21,1203
496,Sanchez-Walker,Wholesale,Latin America,Mexico,Hillstad,15/03/21,15946
497,"Rivera, Castillo and Griffin",Wholesale,Middle East & Africa,Italy,Tonyville,14/05/21,40099
498,"Miller, Ramirez and Serrano",Enterprise,Europe,Italy,West Jessica,04/03/23,293144
499,"Jones, Smith and Hunter",Wholesale,Latin America,Italy,Port Bonniefurt,28/09/23,34275
500,Escobar PLC,Enterprise,Asia Pacific,Brazil,Amyside,21/07/22,251787
501,Diaz and Sons,Retail,Asia Pacific,Italy,Dennishaven,15/09/22,5859
502,Cox-Smith,Enterprise,Europe,Mexico,Port Tamara,04/08/24,466535
503,"Martin, Palmer and Griffin",Retail,Asia Pacific,USA,New Stacy,21/04/23,6500
504,Fitzgerald Group,Retail,Middle East & Africa,USA,Billyfort,04/08/21,7274
505,Wood-Williams,Wholesale,Middle East & Africa,Italy,New Rebecca,09/02/22,21486
506,Hardin-Keith,Retail,Europe,Brazil,Lake Mariohaven,14/03/23,4354
507,Davenport-Baker,Retail,Europe,Italy,South Desiree,15/02/22,8839
508,"Villanueva, Miller and King",Retail,Middle East & Africa,Mexico,New Richard,07/12/23,6250
509,Tucker-Olson,Wholesale,Asia Pacific,China,New Nicolemouth,29/04/21,13569
510,Robertson LLC,Wholesale,North America,Australia,East Jacob,11/02/22,42863
511,"Montoya, Guerrero and Perry",Enterprise,Latin America,India,Jenniferfort,14/05/23,203230
512,Clark-Martin,Wholesale,North America,Canada,Johnsonton,05/03/21,22343
513,"Martin, Soto and Williams",Wholesale,North America,UK,North Gabriel,09/05/24,28898
514,"Mullen, Greene and Elliott",Wholesale,Europe,Germany,Lake Jessicaport,14/06/24,19696
515,Cole Group,Enterprise,Middle East & Africa,UK,Jacksonchester,25/01/23,268385
516,"Hoover, White and Keller",Wholesale,North America,France,Garymouth,09/05/24,37533
517,"Garza, Hall and Cruz",Retail,Europe,Brazil,North Jameshaven,27/05/23,2031
518,Jacobs and Sons,Enterprise,Asia Pacific,Mexico,Valenzuelaton,05/03/24,353407
519,"Gordon, Wilson and Olson",Enterprise,Middle East & Africa,Brazil,New Amber,01/09/20,361090
520,"Banks, Boyd and Wood",Wholesale,Europe,France,Lake Alyssabury,02/06/24,29928
521,Clarke-James,Retail,Asia Pacific,France,South Dennisfort,23/09/23,5259
522,Campbell PLC,Retail,Latin America,UK,Scotttown,03/07/23,3430
523,Lane Inc,Enterprise,Europe,UK,South Diamondmouth,20/04/22,199551
524,Moore Ltd,Enterprise,North America,USA,Joseside,11/05/22,174730
525,Carr-Braun,Wholesale,Asia Pacific,UK,Fischerchester,15/11/22,38894
526,"Olson, Wood and Peters",Retail,Europe,China,Vanessashire,16/01/22,1568
527,"Sanders, Taylor and Shields",Wholesale,Asia Pacific,Canada,Lake Jerryburgh,24/01/21,20655
528,"Morales, Morgan and Pierce",Retail,Europe,Australia,East Paultown,19/11/23,7628
529,Ruiz PLC,Wholesale,Middle East & Africa,Brazil,Davisview,21/07/21,10281
530,Lynch Ltd,Wholesale,Middle East & Africa,Mexico,Ariasfurt,14/02/23,41058
531,"Mitchell, Stuart and Brown",Retail,North America,Italy,Lake Troy,15/09/20,8243
532,"Galvan, Holmes and Lee",Wholesale,Middle East & Africa,Canada,New Gavin,22/10/20,19137
533,Pena and Sons,Wholesale,Europe,Australia,West Kimberlystad,06/05/23,36321
534,Willis-Holmes,Wholesale,Middle East & Africa,Mexico,North Andreaside,28/04/24,31388
535,Bailey-Ochoa,Retail,Asia Pacific,Germany,New Sylvia,26/06/22,9625
536,Andrews-Green,Retail,Latin America,Mexico,Hunterside,14/12/20,2369
537,Morgan-Wilson,Enterprise,Europe,Australia,Nancyshire,31/08/21,256791
538,Church-Hart,Wholesale,Asia Pacific,Japan,Port Matthew,08/10/23,13673
539,"Murray, Matthews and Johnson",Retail,Asia Pacific,USA,West Carlosbury,16/05/23,8006
540,Mcbride Group,Wholesale,Latin America,Brazil,Zacharytown,20/06/23,33026
541,Wright-Davis,Retail,Latin America,Australia,Charlesburgh,28/07/22,4533
542,Robinson-Berry,Wholesale,Latin America,UK,Lake Felicia,21/04/24,37776
543,Mclaughlin-Young,Enterprise,Asia Pacific,Australia,Port Joseph,31/07/21,158938
544,Huff LLC,Enterprise,Latin America,Canada,Port Daniel,06/05/24,359685
545,"Sosa, Vasquez and Smith",Retail,Europe,Brazil,Port Timothymouth,20/08/22,7708
546,"Melton, Henry and Joyce",Wholesale,Latin America,France,Raymondshire,06/03/21,23058
547,"Lloyd, Mendoza and Fernandez",Enterprise,Asia Pacific,India,Phillipburgh,29/06/22,481383
548,Wolfe Group,Wholesale,Latin America,Germany,Hannahtown,12/05/23,46653
549,Carpenter-Nguyen,Retail,Asia Pacific,Mexico,Jacobview,12/08/21,1040
550,Mullen-Cooper,Enterprise,Asia Pacific,Japan,South Rodney,05/05/22,392786
551,Diaz-Morales,Retail,North America,France,Whiteberg,31/07/24,9059
552,"Perez, Garcia and Nelson",Wholesale,Asia Pacific,India,New Ryan,10/03/22,49248
553,Marsh Ltd,Wholesale,Latin America,Italy,South Linda,16/05/21,26902
554,Taylor-Barry,Retail,Middle East & Africa,USA,Kristenport,01/09/21,7114
555,"Williams, Garcia and Martin",Wholesale,Europe,China,Port Jonathan,08/01/24,48119
556,Cole LLC,Wholesale,North America,France,Michaelside,23/11/22,33421
557,Cooper-Jenkins,Wholesale,Asia Pacific,France,Michelleborough,21/12/22,33329
558,"Banks, Thompson and Deleon",Enterprise,Europe,Canada,Markhaven,13/08/22,151614
559,"Griffin, Miller and Austin",Enterprise,Asia Pacific,Mexico,Welchberg,20/02/24,219138
560,"Morton, Rogers and Welch",Wholesale,Middle East & Africa,India,Sweeneyland,24/12/20,33758
561,Perez-Stewart,Wholesale,Middle East & Africa,France,Jenniferfurt,01/10/21,10845
562,Norman-Mcmillan,Wholesale,Europe,Canada,Gutierrezburgh,31/01/24,37000
563,Luna Ltd,Retail,Europe,Brazil,Shelbyland,04/07/21,3532
564,Garcia-Brown,Enterprise,Middle East & Africa,Italy,Kelleytown,01/10/23,423579
565,"Hubbard, Miller and Baker",Retail,North America,UK,North Diana,16/03/24,7837
566,Perez-Rojas,Retail,Asia Pacific,UK,Simsberg,09/10/22,8856
567,Johnson Ltd,Wholesale,Asia Pacific,USA,Michellemouth,14/02/24,32416
568,Proctor-Fernandez,Enterprise,Europe,Italy,Amyberg,17/07/24,117483
569,"Ryan, Garza and Bryant",Retail,Europe,Canada,Millsside,26/11/21,6036
570,Olson-Perez,Wholesale,Latin America,Japan,South Kylechester,14/09/21,15094
571,Smith-Mills,Retail,Middle East & Africa,India,West Justin,21/10/22,4217
572,"Weeks, Arroyo and Woods",Retail,North America,Canada,Port Russellport,20/01/23,8685
573,Kelley and Sons,Wholesale,North America,India,Khanchester,30/03/22,16324
574,Espinoza Ltd,Retail,Asia Pacific,USA,Claytonbury,19/09/21,4277
575,Garrett-Black,Retail,Asia Pacific,China,Justinside,25/11/23,3384
576,Lopez-Jones,Retail,Middle East & Africa,Canada,West Daniel,27/06/22,9202
577,Nelson-Dean,Retail,Europe,France,West Andrew,11/11/20,1229
578,"Johnson, Compton and Campbell",Retail,North America,Germany,Lake Samuel,11/09/20,9800
579,Hernandez Group,Enterprise,Middle East & Africa,UK,West Robert,22/10/23,416022
580,Bolton-Ford,Wholesale,Asia Pacific,Japan,West Christopherberg,20/11/20,21852
581,Jones-Harrison,Wholesale,Latin America,Canada,Port John,11/03/22,43701
582,Martinez Ltd,Wholesale,Middle East & Africa,UK,South Kelsey,09/06/22,40533
583,"Vang, Gonzalez and Moss",Wholesale,North America,Canada,New Elizabethborough,22/07/22,28892
584,"Ali, Mayer and Moore",Wholesale,Asia Pacific,Australia,Lake Sharonhaven,25/02/21,17583
585,Little-Gonzalez,Enterprise,Middle East & Africa,Japan,Port Elizabethville,10/08/21,168422
586,Nguyen-Jackson,Wholesale,North America,Australia,Brendafurt,27/10/23,22372
587,Novak PLC,Enterprise,Latin America,Mexico,Barkerberg,24/02/22,56703
588,Wright Group,Retail,North America,Canada,Lake Christineton,26/11/20,7494
589,"Moore, Herrera and Rodriguez",Retail,Middle East & Africa,Canada,Hallside,27/10/23,7468
590,Trujillo-Gonzales,Enterprise,Europe,China,North Hannah,05/02/22,240688
591,King Inc,Retail,Latin America,Italy,Mannside,04/11/21,7623
592,"Henry, Knight and Stephens",Wholesale,Asia Pacific,Mexico,Jessicaview,19/02/24,48136
593,"Rocha, Spencer and Jones",Wholesale,Middle East & Africa,Japan,South Kenneth,19/09/21,41183
594,Gibson-Parsons,Wholesale,Latin America,Canada,Grosstown,22/02/23,28277
595,Parsons-Allen,Retail,Europe,Mexico,Lake Tammyfurt,04/06/21,5107
596,"Jimenez, Arnold and Austin",Retail,North America,Canada,Robertmouth,08/02/21,1486
597,"Hopkins, Williams and Pace",Wholesale,Middle East & Africa,Mexico,Port Anthony,03/02/21,21737
598,Garcia PLC,Wholesale,Middle East & Africa,Canada,Barretthaven,28/02/23,29841
599,"Scott, Diaz and Obrien",Retail,Latin America,Germany,North Sarahborough,16/04/23,9518
600,Mcdonald Ltd,Wholesale,Asia Pacific,Brazil,West Angelachester,14/12/23,42129
601,"Brown, Jensen and Rice",Wholesale,North America,Japan,Port Kevinborough,04/07/24,45823
602,Garcia and Sons,Retail,Latin America,Australia,Lopezhaven,17/04/23,7285
603,"Garrett, White and Curry",Wholesale,Middle East & Africa,Mexico,Reeseshire,04/02/22,12153
604,Park-Simmons,Wholesale,Europe,France,East Lauraside,09/04/22,42209
605,Sandoval-Ferguson,Enterprise,North America,India,Mahoneymouth,12/11/22,450561
606,Kirk-Gutierrez,Enterprise,Middle East & Africa,India,Mckenziemouth,05/02/23,409333
607,"Gardner, Brooks and Pierce",Wholesale,Europe,Brazil,Michaelmouth,15/06/22,46847
608,Smith-Johnson,Retail,Middle East & Africa,Japan,Caitlinhaven,16/03/21,7412
609,Smith-Joyce,Enterprise,North America,USA,Port Leslie,02/10/23,218025
610,"Short, Ellison and Dixon",Enterprise,Asia Pacific,China,North Benjamin,01/02/22,488794
611,Baker PLC,Enterprise,North America,Japan,East Jonathan,12/11/21,249530
612,"Ross, Hardin and Navarro",Wholesale,North America,Mexico,Lauraburgh,14/08/22,36996
613,"Warner, Weiss and Davis",Retail,Asia Pacific,India,Benjaminshire,11/03/22,5056
614,Weeks LLC,Retail,Asia Pacific,UK,Nicholechester,01/05/22,2073
615,Kane and Sons,Retail,Latin America,Mexico,Lake Kimberlyfurt,18/11/20,9821
616,"Williams, Fernandez and Hernandez",Wholesale,North America,Italy,East Brent,04/08/23,37601
617,Maddox-Mullins,Wholesale,Middle East & Africa,Japan,East Ryanfurt,04/04/21,30743
618,Miller-Duncan,Wholesale,Europe,China,New Raymondland,05/04/22,42005
619,Ayala-Anderson,Wholesale,Middle East & Africa,France,South Anita,13/08/22,32252
620,"Duncan, Hoffman and Shea",Wholesale,North America,Brazil,East Charles,09/10/23,23222
621,Cohen-Johnston,Retail,Asia Pacific,India,Lake Robertstad,21/01/22,5708
622,Cooper-Rios,Wholesale,Middle East & Africa,Canada,Garystad,17/02/23,16026
623,Hanson-Alexander,Enterprise,Middle East & Africa,Brazil,East Gina,15/04/21,85268
624,"Farrell, Rodriguez and Brown",Wholesale,North America,Mexico,Port Marissa,25/10/21,23745
625,Benson-Rodriguez,Wholesale,Middle East & Africa,China,Ruizmouth,02/07/21,29654
626,"Lewis, Payne and Christensen",Retail,Middle East & Africa,Brazil,Deanberg,12/06/23,7788
627,"Smith, Aguilar and Alvarado",Wholesale,Middle East & Africa,UK,West Georgeport,20/06/21,21835
628,"Williamson, Brown and Pena",Enterprise,Latin America,France,North Paulview,26/04/23,396452
629,"Ward, Rodriguez and Carter",Enterprise,North America,Brazil,Hallfurt,12/09/22,346808
630,"Garcia, Stewart and Delacruz",Retail,Europe,UK,East Jamesmouth,28/11/22,6968
631,"Smith, Wright and Moreno",Enterprise,Asia Pacific,Canada,Tracyburgh,26/09/20,265094
632,"Bell, Garrett and Young",Enterprise,Asia Pacific,Mexico,Lisaview,06/03/24,189950
633,Raymond LLC,Retail,Latin America,Germany,East Matthew,27/03/22,5201
634,Miller Group,Retail,Europe,France,South John,11/04/21,3456
635,Browning-Murphy,Wholesale,Latin America,Mexico,East Denise,27/12/22,46688
636,"Mcbride, Huffman and Parker",Retail,Europe,USA,South Wendy,26/07/24,4309
637,Douglas PLC,Wholesale,North America,Italy,West Carlos,18/10/22,46091
638,"Wilson, Stewart and Hobbs",Wholesale,Asia Pacific,India,Port Lucaschester,05/07/24,13625
639,Ramos-Peck,Wholesale,North America,Japan,Edwinborough,02/02/21,36673
640,Johnson PLC,Enterprise,Middle East & Africa,Italy,Catherinebury,19/01/23,108684
641,Mcdaniel LLC,Enterprise,Middle East & Africa,Brazil,Lake Kimberlyberg,03/09/22,398241
642,"Harrison, Banks and White",Wholesale,Middle East & Africa,Canada,Henryberg,27/04/21,15914
643,Johnson Inc,Wholesale,Latin America,Italy,Stephaniebury,20/08/23,48294
644,Todd Inc,Enterprise,Europe,Canada,South Michelle,16/08/22,164299
645,Delacruz-Clay,Retail,Latin America,France,Sullivanton,05/02/23,4507
646,Cortez-Long,Enterprise,Asia Pacific,Italy,New Danielmouth,22/12/23,329691
647,Rich and Sons,Retail,Latin America,Mexico,Terrellton,23/11/22,6185
648,"Hubbard, Estes and Lee",Retail,Latin America,Italy,Sandersport,05/10/23,5550
649,Murray-Henderson,Wholesale,Middle East & Africa,USA,Lake Zacharyberg,09/07/22,11381
650,"Hayes, Sharp and Wilson",Enterprise,Middle East & Africa,Japan,South Robert,20/06/22,182635
651,Chavez Ltd,Wholesale,Europe,Australia,South Christopher,17/12/21,17998
652,"Meadows, Hogan and Higgins",Wholesale,Asia Pacific,Canada,North Dannymouth,15/03/23,35754
653,Mills Group,Retail,Latin America,Mexico,South Andrea,03/11/20,5872
654,Barr PLC,Wholesale,North America,Australia,East Misty,19/05/21,12220
655,"Williams, Parker and Cross",Wholesale,Latin America,Canada,Robertsburgh,18/02/21,31805
656,Horne Inc,Retail,Asia Pacific,Japan,Alexanderfort,01/02/24,5275
657,"Aguirre, Franklin and Snyder",Enterprise,North America,USA,New Donna,24/06/22,287639
658,Miller-Greene,Enterprise,Europe,USA,New Joshua,07/03/23,464721
659,Williams and Sons,Wholesale,Middle East & Africa,Canada,Lake Michaelberg,30/01/24,30024
660,"Lane, Morrison and Rivera",Retail,Europe,India,North Danielburgh,23/04/21,3585
661,Carr-Holt,Enterprise,Latin America,Italy,South Kara,08/02/22,286710
662,Davis LLC,Retail,Middle East & Africa,China,Miguelfurt,12/12/23,5270
663,Bridges-Brown,Wholesale,Asia Pacific,UK,Taylorview,24/12/21,15531
664,Warren-Dominguez,Wholesale,North America,USA,North Ashleyhaven,12/08/24,47381
665,Ramsey-Jacobs,Enterprise,Europe,France,Ronaldmouth,14/09/21,292443
666,"Carney, Gomez and Anderson",Enterprise,Middle East & Africa,Japan,Stonefort,20/08/22,260257
667,Stephenson and Sons,Enterprise,Asia Pacific,UK,Tiffanytown,19/02/21,96693
668,Garrett-Wilson,Enterprise,Middle East & Africa,Japan,Port Christina,28/04/22,426744
669,Cook PLC,Wholesale,Europe,Germany,North Danielle,05/06/23,17766
670,Tyler-Parker,Wholesale,Europe,Japan,Katieville,30/05/23,42385
671,Foster-Carroll,Retail,Europe,Japan,Port Gregorymouth,01/01/24,4531
672,"Mendoza, Wells and Johnson",Retail,Asia Pacific,France,South Eric,04/07/22,7693
673,"Huang, Ford and Olsen",Retail,Middle East & Africa,Mexico,Port Adrianashire,26/07/23,8388
674,Peters-Smith,Enterprise,Latin America,UK,Laurenstad,05/12/20,55410
675,Ramirez Inc,Wholesale,Latin America,Italy,Tonyaside,13/01/24,23907
676,"Obrien, Lopez and Wilson",Wholesale,Middle East & Africa,USA,Janetmouth,04/07/23,14787
677,Gutierrez-Crawford,Retail,Asia Pacific,India,West Shannon,20/06/24,6453
678,Warren and Sons,Enterprise,Middle East & Africa,India,West Kristenborough,26/04/24,182989
679,Hunter-Lloyd,Wholesale,Asia Pacific,UK,East Matthew,07/08/22,35866
680,"Collins, Murphy and Hammond",Enterprise,Asia Pacific,UK,Port Tonihaven,16/05/23,144042
681,Harris Inc,Enterprise,Europe,Canada,Hugheshaven,16/02/21,295411
682,Randolph-Mcdaniel,Wholesale,Asia Pacific,Canada,West Steventon,28/01/21,38372
683,"Reese, Johnson and Blake",Wholesale,Asia Pacific,Italy,West James,23/10/21,18380
684,"Flores, Alexander and Wilson",Wholesale,Middle East & Africa,France,East Joshua,22/09/20,28541
685,"Castro, Garcia and Daniels",Enterprise,Asia Pacific,Italy,Josephport,17/12/22,136499
686,Jones PLC,Wholesale,Latin America,USA,Amberton,09/03/21,46416
687,Berger-Williams,Retail,Europe,USA,Brownchester,26/03/22,3435
688,"Carlson, Watkins and Huff",Wholesale,Latin America,Japan,Jensenport,29/12/21,20718
689,Marquez Ltd,Retail,Asia Pacific,Italy,Port Kathyshire,11/03/21,9108
690,"Mcdonald, Bryant and Cohen",Enterprise,North America,Italy,Ruizbury,28/03/21,308467
691,"Scott, Cox and White",Retail,Europe,France,Kristinamouth,24/06/22,3025
692,Jones Inc,Retail,Asia Pacific,India,Timothyburgh,17/10/21,3757
693,Munoz-Anderson,Enterprise,Middle East & Africa,India,South Lisaville,20/12/21,52163
694,"Jones, Turner and Murray",Retail,Latin America,Mexico,Allenbury,09/11/22,7822
695,Reyes-Peterson,Retail,North America,Japan,Muellerchester,07/12/22,6384
696,Stephens-Young,Wholesale,North America,Canada,Lake Sarahshire,05/01/24,31203
697,Vargas Group,Wholesale,Asia Pacific,India,Angelamouth,15/05/21,39756
698,Jones-Rodriguez,Enterprise,Middle East & Africa,Australia,Murphyton,10/01/21,72988
699,Clay Ltd,Wholesale,Asia Pacific,China,Port Dwayneberg,23/06/22,23852
700,Price-Lane,Retail,Latin America,Canada,East Erin,06/12/21,2158
701,"Bauer, Frazier and Sellers",Wholesale,Latin America,Canada,Robbinsstad,16/08/24,21666
702,"Smith, Downs and Powell",Retail,Latin America,France,Port Kelly,21/02/22,4411
703,"Faulkner, Smith and Castro",Enterprise,Latin America,Japan,Danielport,16/02/24,206524
704,Reynolds PLC,Enterprise,Asia Pacific,Mexico,Garrettfurt,16/04/22,118832
705,Gardner-Bates,Retail,Latin America,Australia,Taylorside,15/03/22,7020
706,Larsen-Moore,Wholesale,Middle East & Africa,Japan,East Alexander,05/04/23,27595
707,Griffith Group,Retail,Europe,Japan,Proctorberg,01/01/21,7922
708,"Shaffer, Dalton and English",Enterprise,Middle East & Africa,China,Hansonmouth,14/09/22,71201
709,"Wilkins, Cruz and Perez",Wholesale,Middle East & Africa,Mexico,Jacobsshire,28/08/22,20162
710,"Young, Shaw and Jenkins",Enterprise,Latin America,Japan,Arthurton,09/12/22,202412
711,"Richardson, Carpenter and Nixon",Retail,Europe,Mexico,East Jessicahaven,07/08/24,8825
712,Marshall-Miller,Wholesale,Asia Pacific,India,East Thomasland,27/05/23,44281
713,"Yates, Edwards and Brown",Retail,North America,Brazil,Amandatown,17/07/22,2253
714,"Escobar, Berry and Rivera",Wholesale,Middle East & Africa,France,Susanport,27/10/21,16192
715,Neal PLC,Wholesale,Middle East & Africa,USA,Jessicashire,15/09/21,48375
716,"Kennedy, Jackson and Williams",Retail,Europe,Japan,Lisatown,24/10/21,8583
717,Martinez Inc,Retail,Asia Pacific,China,Johnathanview,07/10/21,2364
718,Smith-Rodriguez,Enterprise,Asia Pacific,China,New Joanne,21/04/23,377056
719,Morton-Green,Retail,Middle East & Africa,France,South Henry,10/10/22,4458
720,Cooper Inc,Enterprise,North America,USA,New Sarah,13/04/21,330166
721,Mullins-Gutierrez,Wholesale,Latin America,Australia,Youngmouth,27/07/23,10871
722,Clark Ltd,Enterprise,Latin America,France,Brianview,08/09/23,430586
723,Williams Group,Enterprise,Asia Pacific,Canada,Alvarezfort,26/08/23,471863
724,"Hall, Vega and Price",Retail,North America,USA,Dustinchester,17/09/20,3213
725,Reyes-Stewart,Enterprise,Latin America,Mexico,North Samanthastad,27/06/24,159696
726,Bishop-Pearson,Retail,Middle East & Africa,Germany,Matthewview,16/11/23,4961
727,Pena-Myers,Retail,Latin America,Japan,Lake Emily,30/09/23,5930
728,"Rogers, Vaughn and White",Retail,Latin America,Australia,Lake Alanland,17/09/20,2908
729,Fox Ltd,Wholesale,Europe,Germany,Bellport,03/09/21,39459
730,Johnson Inc,Wholesale,North America,Canada,New Dianeborough,19/06/24,13337
731,"Martinez, Rosario and Miller",Enterprise,Latin America,Italy,South Diana,06/04/24,494919
732,"Pratt, Lopez and Rodriguez",Enterprise,Latin America,Australia,West Kenneth,22/04/23,305588
733,Fowler LLC,Enterprise,North America,Brazil,Schwartzmouth,10/09/21,424493
734,Ramirez Inc,Retail,Middle East & Africa,Canada,Priceton,12/09/21,7914
735,Thompson-Jones,Wholesale,Latin America,India,New Philip,01/04/23,41020
736,Thomas Group,Enterprise,Latin America,USA,New Dawn,25/04/24,415698
737,"Green, Johnson and Jones",Retail,Asia Pacific,Australia,Kimberlytown,01/04/24,5718
738,Delgado Inc,Retail,Asia Pacific,India,Lake Peterberg,19/06/23,9317
739,Andrews-Robertson,Enterprise,Latin America,Japan,Mendozafurt,16/01/24,203822
740,Fernandez Inc,Enterprise,Europe,India,Finleyfort,24/02/21,469301
741,"Donovan, Howard and Maldonado",Retail,Latin America,UK,Brownland,15/02/22,5627
742,Miller-Stevens,Retail,Latin America,Canada,Deborahburgh,19/11/22,4268
743,Guerrero-Evans,Wholesale,Europe,Brazil,Mosleystad,11/08/22,29900
744,"Kim, Lopez and Johnson",Retail,Asia Pacific,Mexico,Lake Wendybury,15/08/22,1297
745,Sparks Ltd,Retail,North America,China,Victormouth,13/07/24,3862
746,Johnson Inc,Wholesale,Middle East & Africa,Germany,Kristinton,15/04/22,24856
747,Roman Ltd,Wholesale,Asia Pacific,USA,Bentleyside,05/04/21,32303
748,"Hall, Jones and Moss",Enterprise,Middle East & Africa,India,Valdezfort,17/04/24,497431
749,"Williams, Haynes and Anderson",Enterprise,Latin America,Canada,Lake Brendan,23/11/21,279547
750,Bryant and Sons,Retail,Middle East & Africa,Canada,Port Lisaville,27/08/22,2669
751,"Walker, Brock and Simmons",Retail,Europe,Italy,Nguyenshire,06/11/22,2934
752,Copeland-Mcguire,Wholesale,North America,UK,New Glennland,23/02/21,43154
753,Todd and Sons,Enterprise,Europe,Canada,Angelamouth,21/08/21,479476
754,"Williams, Garcia and Boone",Retail,North America,Germany,Stricklandtown,08/03/24,8194
755,Smith and Sons,Wholesale,Europe,Canada,Lake Deniseport,01/05/22,28792
756,Schwartz-Harris,Wholesale,Europe,UK,Alexandrachester,15/08/21,37198
757,Bishop Inc,Enterprise,Latin America,Japan,Lake Vincent,19/06/24,122348
758,"Serrano, Turner and Barnes",Wholesale,Asia Pacific,USA,East David,14/10/22,43826
759,Montgomery PLC,Wholesale,Middle East & Africa,Canada,South Kaylee,21/04/23,10651
760,Brown-Rodriguez,Retail,Europe,Japan,Lake Megan,23/04/24,6542
761,Thompson-Santiago,Retail,Europe,India,North Deannaport,03/07/21,7443
762,Cook-Trujillo,Retail,Latin America,Mexico,Williamston,13/05/24,9516
763,Moore Inc,Enterprise,North America,France,Robertsonland,30/03/24,230437
764,"Wallace, Riley and Barnes",Enterprise,Europe,Brazil,Jerryville,20/12/21,283931
765,Young Group,Enterprise,Latin America,Germany,South Patricia,16/12/20,475633
766,"Washington, Zamora and Thomas",Wholesale,Asia Pacific,Japan,Thompsonstad,18/03/21,12422
767,"Lee, Howard and Nelson",Enterprise,Asia Pacific,Germany,Davidshire,26/11/20,333529
768,Rodriguez Group,Retail,Middle East & Africa,China,Barnesmouth,18/07/21,9383
769,Munoz-Clarke,Enterprise,Middle East & Africa,India,New Tara,01/02/24,64623
770,Jenkins PLC,Wholesale,Latin America,Brazil,Atkinsborough,12/01/23,29919
771,Ramirez-Blair,Retail,Middle East & Africa,China,East Mark,25/12/22,1982
772,"Shah, Mcintyre and Villanueva",Retail,Asia Pacific,India,Bairdton,18/08/24,1782
773,"Mack, Johnson and Schmidt",Enterprise,Europe,Italy,Pachecoville,23/06/22,227723
774,Miller Inc,Enterprise,Asia Pacific,France,Dodsonberg,05/02/22,172598
775,Holland Inc,Wholesale,Europe,Canada,South Elizabethburgh,24/06/23,34750
776,"Burgess, Johnson and Gibson",Wholesale,Asia Pacific,Australia,Port Jacqueline,28/05/21,48166
777,Sims-Padilla,Retail,Latin America,Canada,Port Courtneyfurt,28/03/24,3401
778,Schmidt-Phillips,Retail,Latin America,Germany,Helenside,19/12/22,2018
779,French Inc,Wholesale,Middle East & Africa,Japan,Jillton,22/09/22,34202
780,"Cox, Williams and Reyes",Enterprise,Middle East & Africa,Australia,Harveystad,17/02/22,188251
781,"Hansen, Jones and Fletcher",Enterprise,Latin America,Italy,East Tina,14/08/21,411243
782,Banks Ltd,Wholesale,Europe,Australia,Port Julie,26/07/21,19459
783,Hurst-Gordon,Enterprise,Middle East & Africa,Brazil,Ramirezland,26/02/22,419373
784,Tucker-Rose,Retail,North America,Italy,South Jenniferside,06/04/24,4483
785,Oliver-Marsh,Retail,Latin America,Canada,East Patriciamouth,05/01/21,7051
786,Hurst-Roberts,Retail,North America,Brazil,North Fredville,15/06/23,7055
787,Hernandez-Harris,Retail,Asia Pacific,France,West Robertside,23/05/24,2929
788,Reed-Wallace,Wholesale,Europe,UK,West Jaimetown,25/02/24,11833
789,Conley PLC,Enterprise,Asia Pacific,Germany,Robertmouth,16/04/23,209993
790,Tucker-Wade,Retail,Middle East & Africa,China,Ellisshire,11/03/21,9008
791,Jackson-Green,Retail,Middle East & Africa,France,Watsonport,29/09/23,1732
792,Hernandez LLC,Enterprise,Latin America,Australia,Huberburgh,06/07/23,459652
793,White-Thompson,Enterprise,Latin America,Australia,East John,30/10/20,314641
794,Andrews-Alexander,Enterprise,Asia Pacific,Canada,Jackside,30/06/23,431610
795,"Stewart, Cooper and Watson",Enterprise,Latin America,China,New Kevin,06/05/24,172065
796,Velazquez-Mack,Enterprise,Asia Pacific,Mexico,Reillyberg,06/09/20,435830
797,"Payne, Romero and Holland",Retail,Asia Pacific,Brazil,Thomasport,17/07/24,3713
798,"Estrada, Marsh and Chandler",Enterprise,Europe,India,Morganville,04/08/23,94644
799,Taylor PLC,Enterprise,Europe,Australia,West Angelbury,13/06/22,323549
800,Nguyen PLC,Enterprise,Middle East & Africa,UK,New Alicia,16/10/23,395114
801,Gonzalez-Miller,Retail,Middle East & Africa,Australia,Rhodesland,26/07/24,5504
802,Lee-Stewart,Retail,Latin America,India,Lake Michaelberg,13/07/23,9741
803,Wood-Watson,Retail,Latin America,UK,Michaelport,29/07/24,9052
804,"Miller, Luna and Wallace",Wholesale,Latin America,France,Laraport,27/04/21,44596
805,"Waller, Coleman and Mosley",Retail,Europe,France,Port Brenda,03/01/21,2878
806,Turner PLC,Retail,North America,UK,Carlshire,09/09/23,3992
807,Smith Ltd,Wholesale,Middle East & Africa,China,Robertside,07/07/22,21088
808,"Fischer, Taylor and Lopez",Retail,Latin America,Canada,Robertsfort,31/10/20,1445
809,Davenport-Torres,Wholesale,Asia Pacific,Japan,Walkertown,13/04/21,37054
810,Blanchard-Flowers,Retail,Middle East & Africa,India,Martinezport,02/05/22,1849
811,Knox-Newman,Retail,Middle East & Africa,Japan,North Kathyfort,22/08/24,9076
812,George LLC,Retail,Latin America,Brazil,Cunninghamview,06/03/23,5412
813,Mccann-Cardenas,Wholesale,Latin America,Mexico,Williamshire,25/09/20,41730
814,Martin-Brown,Retail,Middle East & Africa,Mexico,Stevenberg,04/02/22,1305
815,Nelson Group,Retail,Europe,France,Brandonport,13/10/22,5035
816,Palmer Ltd,Enterprise,Middle East & Africa,Germany,Port Cody,04/09/23,93992
817,"Morris, Stewart and Kirk",Retail,Europe,Brazil,Josephstad,18/01/21,7116
818,"Bell, Thomas and Taylor",Wholesale,Latin America,India,Nathanfort,24/04/22,12738
819,Garcia and Sons,Wholesale,Latin America,France,Port Jacob,02/04/24,10035
820,"Norris, Cisneros and Mathis",Enterprise,Europe,India,South Stevenland,17/02/21,234244
821,Mclean Group,Enterprise,Middle East & Africa,India,Larrystad,22/03/21,134628
822,Preston-Harper,Retail,North America,UK,Geraldport,12/10/20,5925
823,Walker Ltd,Enterprise,Middle East & Africa,Brazil,Lake Jeremy,02/03/21,160546
824,Zavala Group,Wholesale,Latin America,France,North Andrewfort,11/09/23,27128
825,Gonzalez Inc,Retail,Latin America,India,South Davidview,02/11/20,6269
826,Contreras-Webster,Wholesale,North America,India,New Jamieborough,27/05/21,18763
827,Johnson-Thomas,Wholesale,Europe,Japan,Stacystad,27/01/22,10627
828,"Norman, Austin and Wagner",Enterprise,North America,Mexico,North Loritown,12/10/22,332135
829,"Lee, Campbell and Winters",Enterprise,Latin America,Mexico,Lake Coreyborough,06/05/24,66225
830,"Wells, Wolfe and Lopez",Retail,Middle East & Africa,China,East Maryfurt,12/05/22,6783
831,"Perez, Rodriguez and Rollins",Wholesale,Latin America,China,South Danielberg,25/08/22,10552
832,Bush-Hawkins,Retail,North America,France,North Markville,16/03/22,8283
833,Burke-Collins,Enterprise,Middle East & Africa,Mexico,Perezchester,29/10/21,97168
834,Lopez-Jones,Wholesale,Asia Pacific,USA,Crosbystad,19/05/21,25352
835,"Vasquez, Garcia and Kim",Wholesale,North America,Germany,North Douglasfurt,12/06/23,49716
836,Figueroa and Sons,Enterprise,Middle East & Africa,Brazil,West Theresamouth,19/06/21,195409
837,Martinez-Massey,Wholesale,Middle East & Africa,Mexico,Ramirezshire,15/01/23,46161
838,"Harding, Kelly and Estrada",Enterprise,Europe,Italy,Archerhaven,12/10/21,358367
839,Rodriguez-King,Retail,Europe,Brazil,Hallberg,13/10/20,3087
840,"Brown, Jones and Gregory",Enterprise,North America,Italy,South Cassandra,21/12/21,494421
841,Howell-Davis,Enterprise,Middle East & Africa,Australia,Lake Karenfort,02/11/23,406872
842,Carter Group,Retail,Asia Pacific,Japan,Wagnerside,15/01/22,7997
843,"Payne, Cisneros and Johnson",Wholesale,Middle East & Africa,Australia,Beardville,14/03/22,17976
844,Farrell-Ramos,Wholesale,North America,Italy,North Gregoryport,15/03/24,43898
845,Henry and Sons,Retail,Middle East & Africa,Australia,Jenniferfort,21/09/23,1769
846,"Leonard, Keller and Jennings",Wholesale,Asia Pacific,Canada,Alvarezburgh,10/09/22,35680
847,Baker-Garza,Enterprise,Latin America,Canada,Jensenstad,24/09/23,411522
848,Flores-Johnson,Retail,Asia Pacific,Canada,East Marystad,26/11/23,4225
849,"Johnson, Vance and Peterson",Enterprise,Latin America,USA,South Michaelstad,24/04/22,301640
850,Stanley and Sons,Enterprise,North America,Australia,Lake Larry,02/01/21,179579
851,"Jones, Torres and Morgan",Retail,Asia Pacific,Brazil,New Markmouth,18/04/23,6583
852,Bradley-Valenzuela,Retail,Latin America,Canada,Andrewfort,07/01/23,2194
853,Gray-Myers,Enterprise,North America,USA,Port Tracyborough,03/01/22,115444
854,"Cain, Contreras and Jackson",Retail,North America,UK,Michaelchester,21/06/21,7183
855,"Boone, Cobb and Pittman",Retail,Middle East & Africa,Mexico,West Joseph,08/11/21,8240
856,"Morales, Perez and Newton",Wholesale,North America,Brazil,Lake Meganville,12/01/23,16673
857,Jones-Solis,Retail,North America,India,Simmonsstad,06/11/23,5831
858,"Colon, Wagner and Evans",Wholesale,Middle East & Africa,USA,Jamesfurt,02/09/21,49293
859,"Chavez, Hines and White",Wholesale,Latin America,India,Lake Jacquelineburgh,21/12/22,40422
860,Guerrero Ltd,Enterprise,North America,Australia,Adamsside,25/11/23,391270
861,Michael-Barber,Enterprise,North America,Canada,New Jamesmouth,03/04/21,150915
862,Francis LLC,Retail,Europe,India,Jenkinsland,15/03/23,2106
863,Adams-Mitchell,Retail,Latin America,Australia,West Gloria,10/08/21,9337
864,Wilson and Sons,Enterprise,Europe,USA,East Lauraport,10/07/22,177481
865,"Esparza, Henderson and Bullock",Retail,Latin America,Brazil,East Joseph,12/10/20,3091
866,Hopkins-Thompson,Enterprise,Middle East & Africa,UK,Lake Toddtown,19/11/20,356009
867,Edwards LLC,Retail,Asia Pacific,France,South Pennyland,02/04/22,8692
868,"Cameron, Young and Duncan",Wholesale,Europe,USA,New Elizabethshire,18/06/24,43926
869,"King, Wilkerson and Young",Retail,Latin America,China,Port Lindsaymouth,30/12/23,9308
870,"Price, Goodman and Young",Retail,North America,China,Robinsonville,13/05/21,4282
871,Gonzales-King,Retail,Asia Pacific,India,South Amandaville,06/12/21,8794
872,Wells-Sanchez,Enterprise,Asia Pacific,UK,Natashaberg,12/02/22,269516
873,"Richardson, Parker and Brewer",Retail,Europe,USA,Port Joditon,06/06/23,8443
874,"Allen, Tran and Parker",Enterprise,Middle East & Africa,Germany,Rebeccaville,21/10/22,294599
875,Mathews Group,Retail,Latin America,Germany,South Saraview,13/11/21,8876
876,Evans and Sons,Wholesale,North America,Canada,Welchchester,28/10/23,10440
877,Delacruz-Morrow,Wholesale,Europe,France,Ruizchester,15/05/24,46352
878,Love-Mcdowell,Wholesale,Asia Pacific,USA,Port Ethanview,09/09/22,48383
879,Fisher-Daniel,Retail,Europe,Germany,Shawntown,18/09/23,4262
880,"May, Mccoy and Gibbs",Wholesale,Middle East & Africa,Germany,North Richard,06/03/23,32270
881,Johnston-Rodriguez,Retail,Asia Pacific,Canada,New Jennifer,26/09/23,4211
882,"Hines, Bradford and Jennings",Retail,North America,China,Shannonberg,15/09/21,3248
883,"Watkins, Murphy and Campbell",Retail,Asia Pacific,China,South Michaelfurt,03/03/24,5998
884,"Walker, Vaughan and Leblanc",Enterprise,Middle East & Africa,Japan,North Terri,16/06/21,468918
885,"Christian, Williams and Williamson",Enterprise,Europe,Germany,Edwardstad,06/05/21,125724
886,"Wilson, Higgins and Graham",Retail,Asia Pacific,China,Wilcoxfort,20/02/21,9725
887,"Harris, Shah and Li",Enterprise,Middle East & Africa,India,Keithfort,12/03/22,74219
888,Gates-Greene,Retail,Europe,China,Jessicaborough,04/05/22,9773
889,Sparks-Johnson,Retail,Middle East & Africa,India,Joemouth,17/04/24,1872
890,Aguilar-Holland,Wholesale,Latin America,Mexico,North Taylormouth,24/07/24,15335
891,Mcdaniel-Reeves,Enterprise,Latin America,Mexico,Fitzgeraldview,15/12/20,316660
892,"Brown, Cook and Young",Enterprise,Latin America,UK,Wendyton,07/09/20,322049
893,"Harvey, Turner and Foster",Wholesale,Latin America,Italy,Davidside,30/10/20,44437
894,Green PLC,Wholesale,Latin America,Mexico,Conradmouth,11/03/21,27585
895,Page-Hamilton,Enterprise,Europe,Australia,Darrylton,30/07/24,165094
896,Savage-Davenport,Retail,Latin America,Japan,Saraport,10/04/24,7486
897,Austin-Juarez,Enterprise,Middle East & Africa,Canada,Zacharychester,27/03/24,183446
898,Doyle-Henry,Retail,Middle East & Africa,China,New Melissa,18/04/23,2376
899,Brown-Hernandez,Retail,Middle East & Africa,China,East Barry,15/09/21,1674
900,"Mcdonald, Wilson and Woodard",Wholesale,Latin America,China,Williamsstad,14/08/24,40641
901,"Washington, Vasquez and Singleton",Wholesale,North America,UK,North Michael,24/06/21,27892
902,White-Jackson,Wholesale,North America,China,Annashire,07/07/21,27407
903,Fox PLC,Retail,Middle East & Africa,Mexico,South Samantha,25/08/21,5825
904,Rhodes-Clay,Retail,North America,Canada,West Erinville,29/03/22,5528
905,"Hickman, Rodriguez and Morris",Wholesale,Asia Pacific,Germany,North Stevefort,25/06/22,45784
906,Wheeler-Smith,Enterprise,Asia Pacific,Germany,Lake Cindymouth,18/12/21,208710
907,"Cooke, Meadows and Robles",Enterprise,North America,France,East Michelle,15/11/23,186910
908,Morris-Brown,Wholesale,Middle East & Africa,Mexico,New Stephaniefurt,13/01/21,36464
909,Thompson-Hanna,Retail,Europe,Japan,Davisborough,26/04/21,8733
910,Mitchell-Goodwin,Retail,Europe,Brazil,North Kenneth,14/11/23,4717
911,"Drake, Collins and Cohen",Enterprise,North America,China,West Elizabeth,29/12/23,228603
912,"Gonzalez, Griffin and Hughes",Retail,Latin America,Australia,Annachester,09/01/21,8025
913,Shepherd-Austin,Enterprise,Middle East & Africa,UK,Mccoyland,29/10/20,122849
914,Mcpherson-Rhodes,Wholesale,Asia Pacific,China,South Alison,03/04/23,42754
915,Roberts Group,Retail,Latin America,Italy,Port Timberg,07/08/24,7867
916,"Leach, Skinner and Mills",Enterprise,North America,India,Ashleyside,20/12/20,357733
917,Palmer PLC,Retail,Middle East & Africa,Mexico,Gutierrezmouth,23/04/23,3279
918,"Hess, Kelly and Richards",Enterprise,Latin America,Canada,North Joymouth,20/05/21,157062
919,Cameron Inc,Enterprise,North America,China,South Nancyport,02/12/21,298920
920,"Gibson, Santiago and Hanson",Enterprise,Europe,Canada,Matthewburgh,05/07/21,98885
921,Burgess PLC,Enterprise,Middle East & Africa,Australia,Monicaville,26/05/22,483310
922,Smith Inc,Retail,Latin America,France,East Dianamouth,07/06/23,4058
923,"Church, Guzman and Tucker",Retail,Middle East & Africa,Canada,Hannahfurt,19/11/23,4818
924,Martinez Inc,Wholesale,North America,UK,North Lisa,13/06/23,34159
925,Trevino and Sons,Wholesale,North America,UK,Wongbury,29/05/22,35631
926,"Garrison, Ryan and Miller",Enterprise,North America,Japan,Hernandezchester,01/10/20,439620
927,Barrera Ltd,Retail,Latin America,Italy,Maynardfort,28/09/20,3128
928,Richards-Harris,Enterprise,Middle East & Africa,France,Williamstown,27/01/21,366517
929,"Reynolds, Perry and Simpson",Enterprise,Latin America,France,Benjaminfurt,11/08/22,425794
930,"Hardy, Mcconnell and Stein",Retail,North America,Japan,Hallton,11/10/22,1121
931,Ray-Tran,Enterprise,Middle East & Africa,Australia,Patriciachester,22/03/24,222433
932,Simpson Ltd,Wholesale,North America,France,Shanechester,30/09/20,47757
933,Barber-Harrison,Enterprise,Asia Pacific,Japan,Hallbury,06/01/23,417167
934,"Morgan, Guzman and Kirby",Enterprise,Europe,India,Andersonport,23/07/23,180618
935,Moyer-Whitaker,Enterprise,Europe,Italy,Lauraburgh,25/02/23,251675
936,Vazquez-Miller,Enterprise,North America,Germany,Andersonborough,16/04/21,416291
937,Garcia-Perry,Retail,North America,Italy,Torresborough,22/11/22,5485
938,Howard LLC,Enterprise,Middle East & Africa,Canada,Ericaburgh,23/12/23,265628
939,"Johnson, Brown and Jordan",Wholesale,Asia Pacific,Japan,North Anna,11/08/22,16895
940,Glover-Hammond,Wholesale,Middle East & Africa,USA,Paulahaven,30/01/23,26565
941,Mccarthy Group,Wholesale,Latin America,Japan,Estesville,24/07/24,14796
942,"Lynch, Garrison and Garcia",Wholesale,North America,USA,New Danielville,24/02/24,22740
943,Moore-Carter,Wholesale,Latin America,Australia,Gillfort,06/08/23,18944
944,Moore LLC,Wholesale,Europe,Italy,Loriville,22/01/24,15409
945,Montes-Hammond,Wholesale,Asia Pacific,UK,East Maryfort,11/01/22,40853
946,"Jackson, Adams and Espinoza",Retail,Europe,France,Wardbury,09/04/21,1295
947,"Fisher, Perez and Pham",Retail,North America,Mexico,Hardinmouth,21/06/24,9759
948,"Norton, Cox and Johnson",Retail,Asia Pacific,UK,Port Alejandro,21/11/23,5476
949,Miller LLC,Retail,Latin America,Italy,Holdenburgh,27/05/22,1564
950,Malone-Keller,Retail,Asia Pacific,Australia,New Brian,11/03/23,9566
951,"Lloyd, Liu and Kaufman",Retail,Latin America,Germany,Moralesside,28/02/24,1076
952,"Newton, Blankenship and Smith",Retail,North America,USA,Rachelberg,20/06/23,7138
953,Schneider-Clay,Wholesale,Europe,Mexico,Terryfurt,07/10/23,10954
954,Miller-Medina,Enterprise,Europe,Italy,Hardyberg,30/09/22,100647
955,"Campbell, Davis and Arnold",Retail,North America,China,Katherineburgh,04/10/20,1721
956,"Vargas, Allen and Schroeder",Wholesale,Latin America,Japan,Benitezville,05/08/23,23573
957,Green-Romero,Retail,Asia Pacific,China,North Katherineville,17/06/22,4807
958,"Doyle, Chavez and Bird",Retail,Asia Pacific,USA,West Kevin,02/05/23,1245
959,"Armstrong, Taylor and Gray",Wholesale,North America,Mexico,North Mark,29/12/22,40066
960,Gibson-Thomas,Wholesale,Europe,Japan,Pooleland,12/01/21,12879
961,Beasley-Alvarez,Wholesale,Middle East & Africa,India,Millerhaven,11/04/22,16672
962,"Stone, Foster and Baker",Retail,Asia Pacific,Mexico,Fieldsmouth,03/06/23,5127
963,Dennis-Butler,Enterprise,Europe,Mexico,East William,09/08/22,224088
964,Anderson-Bush,Enterprise,Asia Pacific,USA,Lake Jasonfort,17/10/20,85396
965,Raymond LLC,Enterprise,Europe,Brazil,New Melissaville,23/02/21,317924
966,"Roberts, Mills and Wilson",Enterprise,Middle East & Africa,Canada,Vickieport,03/11/21,61121
967,Moody and Sons,Wholesale,Europe,India,Williamsport,21/03/24,38082
968,White Ltd,Retail,Latin America,France,Smithside,22/01/22,1981
969,Butler PLC,Retail,North America,Germany,Arielmouth,16/10/23,3484
970,Davenport-Bass,Enterprise,Asia Pacific,China,Port Dillon,18/03/23,120394
971,Contreras-Hernandez,Enterprise,Latin America,Mexico,Christopherchester,19/03/22,465120
972,Morgan-Williams,Wholesale,Asia Pacific,China,Fitzgeraldland,17/02/24,25008
973,"Johnson, Mccoy and Ingram",Retail,Europe,Mexico,Annville,29/03/23,4372
974,Lee PLC,Enterprise,Middle East & Africa,China,New Aimeefort,04/09/22,250008
975,Martinez PLC,Retail,Latin America,Canada,North Joshua,27/06/21,8247
976,"Combs, Riley and Miller",Retail,Europe,Canada,Richardton,19/08/22,1853
977,Morgan and Sons,Retail,Middle East & Africa,Canada,Johnsonhaven,07/12/21,9992
978,Davis-Petty,Wholesale,Europe,Germany,West Douglas,08/09/21,30412
979,Moore Group,Wholesale,Asia Pacific,France,North Christina,19/12/21,49705
980,Reeves LLC,Enterprise,Latin America,Canada,Garciaberg,26/04/22,192533
981,Scott-David,Wholesale,Latin America,Australia,North Jamesshire,11/08/21,34754
982,"Goodwin, Cruz and Wilson",Wholesale,Latin America,UK,West Stevenchester,04/12/20,49937
983,Russell and Sons,Wholesale,North America,France,West Angelashire,14/05/23,34996
984,Hines Ltd,Enterprise,Europe,France,West Ashley,13/06/22,339853
985,"Mason, Patton and Thomas",Wholesale,Asia Pacific,Japan,Port John,22/06/24,30044
986,"Hayes, Smith and Marshall",Enterprise,Europe,Italy,Deniseburgh,31/08/20,224710
987,Nelson-King,Wholesale,North America,USA,Kiddborough,02/01/23,20140
988,"Campbell, Martin and Ferguson",Enterprise,Latin America,Japan,West Christopherville,27/12/23,262103
989,"Hawkins, Ramirez and Reynolds",Enterprise,Asia Pacific,Mexico,Nicolemouth,16/03/23,306665
990,"Chavez, Sanchez and Bird",Enterprise,North America,Japan,Jasonmouth,23/09/20,70356
991,"Anderson, Nielsen and Lynch",Enterprise,Latin America,France,North Emilychester,21/11/22,450005
992,"Warner, Farmer and Medina",Enterprise,Latin America,Mexico,New Anthonymouth,10/05/23,421787
993,Stanton-Bennett,Enterprise,Latin America,Japan,Paultown,01/03/21,391262
994,Mayer-Wallace,Enterprise,North America,China,Lake Andrew,15/10/21,300465
995,"Howard, Davis and Austin",Enterprise,Middle East & Africa,Australia,Lindseybury,08/08/21,187012
996,Coffey-Johnson,Enterprise,Middle East & Africa,India,Conwayborough,10/09/20,179716
997,"Foster, Kane and Carroll",Enterprise,North America,Mexico,Jacksonborough,22/04/23,111200
998,"Chambers, Morrison and Thompson",Enterprise,Middle East & Africa,Canada,Lake Calvin,14/09/21,420183
999,"Foley, Ibarra and Daniel",Enterprise,Latin America,France,Jamestown,19/08/24,136939
1000,"Byrd, Mendez and Becker",Enterprise,Latin America,India,Smithchester,25/03/23,329551
1001,"Williams, Mcmillan and Reynolds",Wholesale,Middle East & Africa,China,Hillhaven,13/07/22,15824
1002,Holmes-Williams,Retail,Latin America,Italy,North Joshua,06/05/22,5407
1003,Stewart-Myers,Wholesale,Latin America,USA,Christophershire,24/11/23,21036
1004,"Perez, Norris and Rosario",Retail,Latin America,Mexico,East Frank,28/11/21,2144
1005,"Garrett, Johnson and Reynolds",Wholesale,Asia Pacific,UK,New Lauramouth,10/01/24,21182
1006,Rodriguez and Sons,Enterprise,Europe,Brazil,Marissamouth,29/09/22,305051
1007,Harding PLC,Retail,Europe,UK,Duranmouth,24/12/22,8383
1008,Villegas Inc,Retail,Europe,France,Edwardsland,18/10/23,1966
1009,Ellison Group,Wholesale,Europe,Canada,West Cherylchester,05/12/20,17156
1010,"Brown, Williams and Horn",Wholesale,Asia Pacific,Canada,Davischester,06/08/21,34754
1011,"Cobb, Hanson and Chavez",Wholesale,Latin America,Australia,Popeville,09/01/22,48380
1012,"Logan, Gibson and Murphy",Enterprise,Asia Pacific,USA,North Curtis,17/01/23,82011
1013,Watkins and Sons,Enterprise,Middle East & Africa,USA,Lake William,01/02/22,160660
1014,Hardy-Wallace,Wholesale,Latin America,China,East Laura,27/11/20,27421
1015,Silva-Palmer,Enterprise,Asia Pacific,China,Larryside,07/10/23,244398
1016,Harrison PLC,Retail,Middle East & Africa,USA,Kellytown,26/09/22,6918
1017,"Gregory, Brown and Hunter",Wholesale,Latin America,Italy,South Mauriceborough,24/03/23,16565
1018,Glover LLC,Wholesale,North America,Brazil,Lake Thomas,07/06/23,11682
1019,Greene-Rivera,Wholesale,Middle East & Africa,Mexico,Christinachester,24/12/21,34145
1020,Gibson Inc,Enterprise,Europe,USA,Robinsontown,22/03/23,266597
1021,"Hall, Hanson and Allen",Enterprise,Asia Pacific,USA,Lindsayfurt,26/06/21,382281
1022,Mckenzie Inc,Enterprise,Middle East & Africa,Australia,Alejandrostad,13/10/20,172451
1023,Thomas Group,Wholesale,Latin America,Mexico,Lake Brenda,23/09/23,32828
1024,Hester and Sons,Enterprise,Middle East & Africa,Germany,West Grant,16/03/24,204068
1025,"Thompson, Abbott and Sanchez",Enterprise,Middle East & Africa,USA,North Gregory,17/09/21,349836
1026,Smith Ltd,Retail,Middle East & Africa,Australia,South Diana,16/03/24,9158
1027,Boyle-Torres,Retail,Middle East & Africa,Germany,West Lisa,23/04/23,8311
1028,"Rowland, Cuevas and Keith",Retail,North America,Canada,North Drewberg,05/11/23,4467
1029,Patel Ltd,Wholesale,Latin America,France,Louischester,28/07/24,20501
1030,Mccall PLC,Retail,North America,Mexico,Port Amanda,28/10/23,5220
1031,Wright-Soto,Retail,Asia Pacific,Germany,Moniquehaven,15/07/24,9757
1032,Clark-Miller,Enterprise,Latin America,Mexico,Gibbsland,02/05/21,247661
1033,Potter-Newman,Enterprise,Asia Pacific,Canada,Victormouth,19/05/21,167205
1034,"Brooks, Neal and Baldwin",Wholesale,Asia Pacific,Italy,Wellsshire,08/04/22,17299
1035,"Santos, Clark and Jacobson",Enterprise,Asia Pacific,UK,Royfurt,16/07/21,350332
1036,Oneal-Duncan,Wholesale,North America,France,Jonathanland,15/03/21,47808
1037,Phillips PLC,Retail,Latin America,Japan,Jerryton,11/07/22,9775
1038,"Rogers, Hayes and Reynolds",Wholesale,Middle East & Africa,India,Lindamouth,03/10/21,18277
1039,White and Sons,Retail,Middle East & Africa,Australia,Deannastad,09/04/24,2746
1040,Kirby-Hunt,Wholesale,Europe,Australia,Port Joshuabury,21/01/21,29452
1041,Ward PLC,Enterprise,Asia Pacific,UK,West James,25/12/21,365341
1042,Mcgee-Mack,Enterprise,Asia Pacific,Brazil,Jamesberg,28/08/24,217845
1043,"Singh, Gaines and Smith",Enterprise,Middle East & Africa,Australia,Juanstad,19/10/23,494422
1044,Bautista-Underwood,Enterprise,Latin America,USA,South Destinyberg,16/02/24,202827
1045,Perez Ltd,Wholesale,Europe,Italy,South Jesus,05/01/23,23802
1046,"Todd, Sharp and Murray",Enterprise,Latin America,Italy,West Meganchester,30/09/23,499198
1047,"Butler, Gonzales and Farrell",Wholesale,Middle East & Africa,Japan,West Donberg,20/11/21,20432
1048,"Smith, Cochran and Flowers",Wholesale,Latin America,Japan,Jeremiahchester,29/05/23,41026
1049,Farmer-Vaughn,Retail,Europe,Italy,Marktown,08/12/22,9648
1050,Weeks and Sons,Enterprise,Asia Pacific,India,Ashleyshire,18/02/24,118629
1051,Harris-Myers,Retail,Europe,India,Lopezville,24/12/21,5981
1052,Fowler-Torres,Retail,Europe,Germany,North Emily,17/05/21,8239
1053,"Morrison, Johnson and Gonzalez",Retail,Middle East & Africa,Canada,Campbellbury,30/10/21,4205
1054,"Jones, Brown and Stone",Enterprise,Europe,USA,West Michele,23/04/22,273929
1055,Mayo and Sons,Retail,North America,Canada,Mendozaland,22/03/22,6825
1056,Anderson and Sons,Enterprise,Europe,Mexico,Ryanfort,19/04/21,277447
1057,"Crosby, Matthews and Shaw",Enterprise,North America,Germany,Hilltown,17/08/24,67822
1058,Brown-Ross,Wholesale,Middle East & Africa,UK,New Mark,10/12/22,29837
1059,Stevens-Johnston,Enterprise,Latin America,Mexico,West Debbiemouth,19/01/22,457754
1060,"Sparks, Myers and Colon",Wholesale,North America,Canada,South John,06/04/24,39171
1061,"Reynolds, Cruz and Hopkins",Retail,Middle East & Africa,Germany,South Hollyton,16/08/21,2353
1062,Hill Ltd,Retail,North America,India,Elizabethland,16/06/23,8856
1063,"Barrera, Kerr and Jenkins",Retail,Latin America,France,West Charlesville,06/09/22,7290
1064,Ortiz-Martin,Enterprise,North America,Italy,New Bradley,09/10/20,220513
1065,"Neal, Brady and James",Enterprise,North America,Japan,Foleyfurt,25/10/20,476176
1066,Wilson-Stark,Enterprise,North America,Brazil,Ellenmouth,09/08/22,306147
1067,Miller Ltd,Enterprise,Europe,Mexico,Lake Stephanie,23/03/21,445055
1068,Skinner-Jackson,Retail,Europe,USA,New Craigport,28/02/21,3960
1069,"Myers, Jones and Gallagher",Enterprise,North America,UK,Ericstad,17/05/21,114511
1070,"Johnson, Leonard and Robinson",Enterprise,Middle East & Africa,France,Port Cynthiahaven,25/03/23,96043
1071,"Keller, Garcia and Vaughn",Retail,Asia Pacific,China,Williamstown,10/11/20,2386
1072,Wang-Mcfarland,Enterprise,North America,Germany,Reginaborough,11/01/21,395065
1073,Johnson-Smith,Wholesale,Asia Pacific,Mexico,Lake Elizabeth,19/07/21,44042
1074,Robles Ltd,Enterprise,Latin America,Italy,Lake Gary,30/04/22,352551
1075,Ochoa LLC,Wholesale,Middle East & Africa,Brazil,New Jamie,31/10/22,33076
1076,Martinez-Lewis,Retail,North America,Germany,Marcustown,10/04/22,2622
1077,Smith-Lewis,Retail,Middle East & Africa,Brazil,North Diane,11/10/21,5910
1078,"Wood, Jones and Robinson",Retail,Middle East & Africa,Japan,Katrinafort,06/08/24,6882
1079,Marquez PLC,Retail,Europe,Japan,West Susan,24/01/23,5177
1080,"Horton, Gregory and Compton",Wholesale,Latin America,Italy,West Gregory,17/09/23,26657
1081,"Stewart, York and Olson",Retail,Asia Pacific,Mexico,Andresshire,17/06/22,9780
1082,"Davidson, Hall and Matthews",Enterprise,Middle East & Africa,India,East Andrewville,25/11/21,345510
1083,"Patterson, Sanchez and Miller",Retail,Latin America,Japan,West Victor,22/06/21,7876
1084,Harris-Johnson,Retail,North America,Brazil,Stevensonmouth,15/03/21,5055
1085,Schneider-Hodges,Retail,Asia Pacific,Mexico,Wongport,01/09/23,9984
1086,Bradford LLC,Retail,Asia Pacific,UK,Johnside,18/11/20,6944
1087,"Mcneil, Solis and Horton",Retail,Latin America,Germany,New Monique,01/10/22,5483
1088,Ramos Inc,Wholesale,Middle East & Africa,Italy,Port Travisborough,15/11/20,18093
1089,Mays and Sons,Wholesale,Asia Pacific,Italy,East Brittanyborough,11/08/21,16261
1090,Simmons Group,Enterprise,Middle East & Africa,Canada,Frankborough,23/08/21,192110
1091,Obrien LLC,Retail,Latin America,UK,Barbaraborough,02/10/21,3797
1092,Miller-Kaufman,Wholesale,Latin America,Australia,Grayfort,06/06/22,46154
1093,"Lynch, Hamilton and Moore",Enterprise,Middle East & Africa,Italy,Smithfurt,17/05/22,54979
1094,Blake LLC,Retail,Middle East & Africa,Italy,New Jessica,10/09/21,3070
1095,Torres-Campbell,Wholesale,Europe,Mexico,Jonesberg,11/07/23,34258
1096,Moore and Sons,Enterprise,Latin America,China,North Michellestad,19/08/22,145999
1097,Bentley-Waller,Wholesale,Latin America,Brazil,Patrickport,25/03/23,28797
1098,"Jones, Dyer and Riddle",Enterprise,North America,France,South Sarahburgh,10/06/21,383255
1099,Krueger-Wise,Wholesale,North America,Canada,Williamfort,16/03/23,15907
1100,Horton-Curtis,Enterprise,Middle East & Africa,USA,Fitzgeraldbury,29/07/22,136566
1101,Mccoy-Rhodes,Retail,North America,Japan,West Catherine,10/06/24,5683
1102,King PLC,Enterprise,Latin America,Brazil,North Darryl,12/01/21,301477
1103,"Rangel, Sanders and Willis",Enterprise,North America,India,New Reneechester,30/04/21,262583
1104,King-Turner,Retail,Middle East & Africa,Italy,Willischester,04/09/23,1119
1105,"Booth, Rodriguez and Armstrong",Wholesale,Middle East & Africa,USA,Lisaview,29/08/23,44610
1106,"Sanders, Parker and Benitez",Enterprise,Middle East & Africa,Germany,Smithland,05/10/23,403643
1107,Warren-Pena,Retail,Europe,Brazil,Jacksonstad,30/05/21,2230
1108,Gonzalez and Sons,Wholesale,Latin America,UK,South Ashleyborough,29/05/21,37703
1109,Brady and Sons,Wholesale,Europe,Brazil,Tonyachester,05/06/22,32148
1110,"Rodriguez, Fields and Miller",Retail,Asia Pacific,France,South Davidland,12/01/22,5752
1111,"Young, Washington and Hodges",Retail,Europe,France,North Josephtown,30/04/23,1036
1112,Davis PLC,Enterprise,Middle East & Africa,Australia,South Carrieview,23/05/24,292775
1113,Sherman-Munoz,Retail,Latin America,China,Nathanmouth,30/08/24,6828
1114,Everett Ltd,Wholesale,Asia Pacific,Italy,Grayton,25/07/24,17023
1115,Drake-Smith,Retail,North America,Japan,Hardyberg,07/10/20,7587
1116,Melton LLC,Wholesale,Middle East & Africa,UK,West Shannon,30/05/23,15553
1117,Robertson-Keller,Wholesale,Europe,Mexico,Lake Susanmouth,24/09/20,41943
1118,Marks-Montes,Wholesale,Asia Pacific,France,Ericabury,03/02/23,40847
1119,Stevenson-Bauer,Wholesale,Asia Pacific,Canada,Ronniefort,11/08/24,21939
1120,"Stein, Navarro and Carter",Wholesale,Asia Pacific,Italy,Lake Douglas,29/09/22,20605
1121,"Glover, Moran and Johnson",Wholesale,Europe,Canada,Roblesport,30/12/23,33542
1122,"Archer, Owens and Mosley",Retail,Latin America,Japan,South Elainebury,21/08/21,5667
1123,Mullins Ltd,Enterprise,Europe,Australia,North Ryantown,22/04/21,134049
1124,Orr-Miranda,Enterprise,Latin America,Brazil,Lake Jonathan,27/07/22,270775
1125,"Martinez, Taylor and Nichols",Wholesale,Latin America,Brazil,Davismouth,25/02/24,31291
1126,"Miranda, Burke and Schneider",Enterprise,North America,USA,Kentfurt,13/04/23,107531
1127,"Burch, Kim and Hall",Retail,North America,Mexico,Darrellland,09/02/21,3548
1128,Yang-Pineda,Retail,Middle East & Africa,Italy,New Michaelmouth,24/06/24,1852
1129,"Mclaughlin, Collins and Lawrence",Retail,Asia Pacific,Australia,Port Paul,12/05/22,8116
1130,Salinas-Peck,Retail,Europe,Italy,New Elizabeth,11/01/23,8027
1131,Foster PLC,Enterprise,North America,France,Stewartport,06/01/24,197397
1132,Frazier-Hernandez,Enterprise,Latin America,Italy,Dustinton,22/01/23,154025
1133,Shaw-Barker,Retail,Middle East & Africa,Mexico,Wendyshire,30/07/22,9230
1134,Simpson Ltd,Enterprise,Europe,Japan,Brownmouth,11/04/21,113156
1135,"Clark, Oconnor and Cochran",Retail,Latin America,USA,Port Kimberlyfort,29/07/23,5486
1136,Joyce-Hopkins,Enterprise,Latin America,Japan,North Amy,05/01/22,76715
1137,"Kennedy, Bailey and Myers",Enterprise,Asia Pacific,Japan,New Jessicaport,14/06/23,166274
1138,Haynes PLC,Wholesale,North America,France,Davismouth,04/09/23,43414
1139,"Glenn, Brown and Michael",Retail,Asia Pacific,Italy,Stephenburgh,22/12/22,5411
1140,Dominguez-Carter,Wholesale,Europe,USA,East Jeffery,29/08/23,30961
1141,"Curtis, Cox and Chase",Retail,Asia Pacific,Australia,Lake Kristenberg,04/03/22,1854
1142,Shelton-Jackson,Wholesale,Asia Pacific,Australia,North Michaelfort,20/05/21,38239
1143,Wilson PLC,Wholesale,North America,Mexico,Brittneyberg,05/03/23,29946
1144,Sanchez-Wilson,Retail,Asia Pacific,Italy,Burnsburgh,11/04/23,3134
1145,Parsons-Esparza,Enterprise,Europe,Mexico,Port Stevenfurt,07/10/21,244821
1146,"Wallace, Smith and Wilson",Wholesale,North America,Canada,South Darlenehaven,25/07/21,48294
1147,"Berry, Armstrong and Hill",Retail,Europe,Germany,Port Brittanyfurt,08/08/22,2971
1148,"Park, Evans and Martinez",Enterprise,Middle East & Africa,India,Bryanside,28/05/21,89258
1149,"Smith, Hawkins and Herrera",Wholesale,Europe,Brazil,Brownshire,27/10/22,41077
1150,"Martinez, Mullins and Sheppard",Enterprise,Europe,Japan,East Michelleburgh,07/09/20,117020
1151,Mcbride-Martinez,Enterprise,Asia Pacific,Australia,New Jamie,23/04/21,232105
1152,"Scott, Mullins and Miller",Enterprise,Latin America,Japan,New Kennethside,08/05/21,85498
1153,"Smith, Turner and Shah",Enterprise,Middle East & Africa,France,Donnamouth,23/03/21,137522
1154,Neal-Mills,Enterprise,Middle East & Africa,USA,Catherinehaven,03/07/21,73826
1155,Bates Inc,Enterprise,Middle East & Africa,Brazil,North Jacob,11/11/21,309536
1156,Bernard PLC,Retail,Middle East & Africa,Japan,New Michael,06/03/21,3711
1157,"Henderson, Pierce and Green",Enterprise,Asia Pacific,Germany,South Stephen,11/06/24,368357
1158,"Coleman, Neal and Herrera",Retail,Europe,India,Lake Jessicaborough,10/07/23,1058
1159,"Sandoval, Hoover and Jacobs",Enterprise,Middle East & Africa,Italy,Underwoodmouth,19/08/24,288782
1160,Gray-Maynard,Enterprise,Europe,France,North Joseph,16/10/22,209074
1161,"Kelley, Jones and Bowman",Enterprise,Europe,Germany,Reginaview,01/04/21,112444
1162,Hill Inc,Retail,North America,Mexico,Pettybury,07/03/22,9741
1163,Patton Inc,Retail,North America,Mexico,New Jessica,21/11/21,5550
1164,Davis-Bailey,Retail,North America,Mexico,Andreaville,01/04/24,4440
1165,Stewart Group,Wholesale,Middle East & Africa,France,West Linda,18/05/23,31270
1166,"Arnold, Macias and Powell",Enterprise,Asia Pacific,China,West Albert,20/09/22,370592
1167,Sandoval and Sons,Retail,Asia Pacific,UK,Bradleyview,16/11/20,1170
1168,"Fowler, Wood and Waters",Wholesale,Middle East & Africa,Canada,Mannburgh,03/06/22,45218
1169,Lindsey-Shaw,Enterprise,Middle East & Africa,Brazil,Stephaniehaven,06/06/24,378324
1170,Torres Inc,Retail,Asia Pacific,Germany,Richardmouth,17/01/24,8244
1171,"Miller, Blair and Duffy",Enterprise,Europe,Italy,New Brian,22/08/23,283861
1172,"Noble, Stokes and Smith",Enterprise,Latin America,Canada,Rhodesberg,01/08/22,127769
1173,"Jennings, Rhodes and Patel",Wholesale,Europe,Germany,South Alexanderborough,22/04/24,40106
1174,"Smith, Coleman and Ferguson",Enterprise,Asia Pacific,USA,Johnhaven,27/05/23,389510
1175,Lawson and Sons,Wholesale,Latin America,Mexico,East Charles,09/01/24,21647
1176,"Gomez, Williams and Simpson",Enterprise,North America,Japan,West Tara,06/01/22,125247
1177,"Wright, Ryan and Miranda",Retail,Middle East & Africa,UK,West Kevinport,21/09/21,8455
1178,Rojas PLC,Enterprise,Latin America,Japan,Robinsonport,19/05/24,102287
1179,"Robertson, Barry and Walls",Retail,North America,UK,Browntown,16/02/23,2802
1180,Evans-Rodriguez,Retail,Middle East & Africa,USA,Pamelaburgh,10/04/22,2369
1181,Garcia Group,Retail,Asia Pacific,Italy,North Allison,04/04/24,2742
1182,Martinez-Freeman,Retail,Middle East & Africa,Australia,Port Diane,27/07/21,4314
1183,Brooks-Diaz,Retail,Europe,Germany,New Lisa,05/02/21,6036
1184,Douglas-Gonzales,Retail,Middle East & Africa,Canada,West Julie,08/09/20,9905
1185,"Gonzalez, Lopez and Williams",Retail,Asia Pacific,Canada,Fishermouth,08/04/24,1729
1186,Wade Group,Enterprise,Europe,USA,Davidfort,12/11/22,50634
1187,"Klein, Nguyen and Duran",Retail,Asia Pacific,Mexico,Shawfurt,11/03/21,7998
1188,Sparks and Sons,Wholesale,North America,Australia,West Vincent,26/09/23,35214
1189,Williams LLC,Retail,Asia Pacific,China,Braytown,27/05/22,2804
1190,Campbell-Miller,Retail,North America,USA,Wrightberg,01/08/23,6467
1191,Wright Inc,Enterprise,Middle East & Africa,China,Virginiabury,01/05/23,274724
1192,Gonzalez-Mccarthy,Enterprise,Asia Pacific,India,Lake Jessicaburgh,02/06/21,128758
1193,"Fuller, Hernandez and Martinez",Wholesale,Latin America,Mexico,Johnsonborough,19/05/24,16810
1194,Smith-Gonzalez,Wholesale,North America,UK,South Richardport,19/06/23,15004
1195,Walker Group,Enterprise,Latin America,Australia,Brownchester,29/03/23,127479
1196,Rodriguez-Cox,Enterprise,Middle East & Africa,Japan,Jenniferbury,11/12/21,109330
1197,White Inc,Enterprise,Asia Pacific,UK,Lake Julieborough,21/10/21,97420
1198,Kerr-Garcia,Retail,Latin America,Japan,West Stacy,13/02/22,7308
1199,Rodriguez-Caldwell,Wholesale,Asia Pacific,UK,West Michael,27/11/23,49435
1200,"Maxwell, Rice and Watson",Enterprise,Middle East & Africa,Australia,Jasonfurt,05/01/21,269498